id,domain,status,purchase_price,renewal_price,attractiveness,demand,length,registrar,created_at,expires_at,status_verified_at
43a5590a-5f96-4a93-8055-a3d8246ff397,indulge.rentals,available,6.98,56.98,high,low,7,namecheap,,,21/09/2026 13:04
7e267fe7-b24c-4380-ae37-e3b902f1c8bd,barns.rentals,available,10.99,44.49,medium,low,5,namesilo,,,20/09/2026 22:46
04dd03e5-3da4-4df7-a1fa-89773dd4995f,taunt.rentals,available,6.98,56.98,medium,low,5,namecheap,,,11/09/2026 09:13
bcab78c4-b5c1-4cbc-bbda-0fcfcfae0feb,carnation.rentals,available,6.98,56.98,high,low,9,namecheap,,,11/08/2026 19:26
ce2b6dd0-1013-4272-9c4f-5726863b1cad,euphoric.rentals,available,6.98,56.98,high,low,8,namecheap,,,17/08/2026 14:22
3d52303f-373d-41e8-a418-4b3186672633,abilene.rentals,premium,85.8,85.8,high,low,7,namecheap,,,16/09/2026 15:54
ca8c03a0-bfa6-4b23-8cb4-33d382093609,agamid.rentals,available,10.99,44.49,medium,low,6,namesilo,,,17/09/2026 16:08
f5bfe13e-4433-4f6d-bc8b-a384bdacbcbd,cranial.rentals,available,6.98,56.98,high,low,7,namecheap,,,13/08/2026 04:49
f76d19fc-2890-48db-a385-a599755cb767,statuesque.rentals,available,6.98,56.98,high,low,10,namecheap,,,22/08/2026 14:32
536cbb4a-b170-4846-94f8-034390c9c5fe,dashing.rentals,available,11.99,58.99,high,low,7,name.com,,,13/08/2026 17:27
dfa5092d-5e89-4140-a5be-b7dcc3f8a08b,enured.rentals,available,6.98,56.98,low,low,6,namecheap,,,17/08/2026 09:59
88e245d7-fb13-4730-a300-417fe21b6e07,emma.rentals,available,6.98,56.98,high,medium,4,namecheap,,,25/09/2026 12:33
3de138d6-53de-49bd-97ed-b140df8ed908,craftsman.rentals,available,10.99,44.49,high,low,9,namesilo,,,20/09/2026 11:49
576cd2df-6538-4b6e-87c2-bd4fcbae5398,okey.rentals,available,6.98,56.98,medium,low,4,namecheap,,,03/09/2026 23:19
c5033b37-e1a5-4b57-8f54-d47e203348e9,cursively.rentals,available,6.98,56.98,medium,low,9,namecheap,,,14/09/2026 10:07
be1dbf66-277b-4466-a9e5-31483d1fc1a7,farcical.rentals,available,6.98,56.98,medium,low,8,namecheap,,,17/08/2026 22:30
8b6a7976-8e1c-44e4-b0b5-ae793205a6d5,drunken.rentals,available,6.98,56.98,medium,low,7,namecheap,,,09/08/2026 19:02
50c8e031-e308-40ab-b241-1696d0679155,venial.rentals,available,6.98,56.98,medium,low,6,namecheap,,,18/08/2026 12:00
96fa9854-e31c-420e-a6e7-4704772dc068,alienor.rentals,available,6.98,56.98,high,low,7,namecheap,,,18/09/2026 07:41
bea7c31b-450d-45f9-8a1f-cf0db1382375,prayed.rentals,available,6.98,56.98,medium,low,6,namecheap,,,18/09/2026 02:41
c8798a8f-c923-49c2-a615-51d2d4bc5d4e,illumine.rentals,available,6.98,56.98,high,low,8,namecheap,,,08/09/2026 04:54
99a23efe-6901-4279-b864-0d7162617a43,ape.rentals,premium,242,242,high,low,3,namesilo,,,
eb86a169-e61b-444f-8640-76f453599159,babinski.rentals,available,6.98,56.98,medium,low,8,namecheap,,,21/09/2026 12:44
879efb94-244a-49c3-824e-7ea9bf308921,negotiations.rentals,available,10.99,44.49,high,low,12,namesilo,,,17/09/2026 08:01
9f8f8f30-18f8-4e05-a2c4-9cedd20cad72,ashley.rentals,available,10.99,44.49,high,low,6,namesilo,,,25/09/2026 17:12
2e560d04-6716-44f9-ae1c-e7a9f2206907,commented.rentals,available,10.99,44.49,medium,low,9,namesilo,,,18/09/2026 23:19
274077e2-1226-4ef3-b9cc-9fc300a6e935,sixty.rentals,available,6.98,56.98,high,low,5,namecheap,,,
f6fcaf7e-3368-49c8-aa40-5d31f1471a6f,baring.rentals,available,10.99,44.49,medium,low,6,namesilo,,,22/09/2026 06:03
a2405459-b640-40df-8f0c-0b68370c5f95,horrid.rentals,available,6.98,56.98,medium,low,6,namecheap,,,21/08/2026 08:14
889a1a1d-b89b-47cd-bb2e-10921a1c6f9c,angelology.rentals,available,6.98,56.98,medium,low,10,namecheap,,,19/09/2026 06:02
a7dfcfde-b473-419c-94f3-88af8315c143,epileptic.rentals,available,6.98,56.98,high,low,9,namecheap,,,17/08/2026 10:58
8e0e0682-cdd9-422b-a8bd-31ed5a869f32,continuously.rentals,available,14.99,,medium,low,12,name.com,,,
966080d8-34a3-4a6f-900d-89cdc9a8f695,leaden.rentals,available,6.98,56.98,medium,low,6,namecheap,,,22/08/2026 21:44
37426922-5a50-48ed-860a-38cdc2e76528,agha.rentals,available,10.99,44.49,medium,low,4,namesilo,,,17/09/2026 15:59
82391b76-dc7f-4094-8837-17e021d0dd21,chopper.rentals,available,6.98,56.98,high,low,7,namecheap,,,08/09/2026 11:24
0ec53633-f308-4af7-85e9-d82f7a900f5a,decorous.rentals,available,6.98,56.98,medium,low,8,namecheap,,,09/08/2026 06:21
c842ada2-98a3-4c69-82ab-a56acd2bd219,leftish.rentals,available,6.98,56.98,medium,low,7,namecheap,,,22/08/2026 22:47
cd78bca1-847a-4a69-9e3a-6a3a92c53549,ironlike.rentals,available,6.98,56.98,medium,low,8,namecheap,,,22/08/2026 10:10
3df13da4-7c1a-485e-91bb-df735fed1d87,quote.rentals,available,14.99,,high,low,5,name.com,,,
5a9b89af-3003-4004-9b2a-573fee60e017,immense.rentals,available,6.98,56.98,high,low,7,namecheap,,,25/09/2026 06:12
3099cc85-c265-4809-97f7-89ec1b41bcb8,softish.rentals,available,6.98,56.98,medium,low,7,namecheap,,,10/09/2026 03:22
3ff026e8-869d-429c-9b21-471cd4cd6ace,pentatonic.rentals,available,6.98,56.98,medium,low,10,namecheap,,,08/09/2026 15:05
9bbed7d2-8bb2-4332-a4bf-c4e10affded0,southern.rentals,premium,78.54,78.54,high,low,8,namesilo,,,
ff2f41ba-cccd-41d6-ae8f-209421ca7cbb,sagely.rentals,available,6.98,56.98,medium,low,6,namecheap,,,16/09/2026 00:31
a504f122-e055-45dd-bd19-2f5df1731f5f,owns.rentals,available,10.99,44.49,high,low,4,namesilo,,,18/09/2026 16:37
12c08db8-f451-4d23-a5a3-9f642d92669d,weapon.rentals,available,10.99,44.49,high,low,6,namesilo,,,25/09/2026 10:57
5e8f0116-5539-47eb-aefa-eef72885f470,brighton.rentals,premium,118.8,118.8,high,low,8,namesilo,,,24/09/2026 10:19
cb355fef-2086-4c22-80b6-2c3d32fc0058,speedily.rentals,available,6.98,56.98,medium,low,8,namecheap,,,13/09/2026 20:19
ce433491-9e7d-4a6c-8d65-022609a9630f,arsonist.rentals,available,6.98,56.98,medium,low,8,namecheap,,,22/08/2026 00:55
deac40d0-4ed6-43f1-989c-8a799e53e500,radical.rentals,available,6.98,56.98,high,low,7,namecheap,,,08/08/2026 21:21
c7cb9bc1-e71e-435c-9f19-96b6dd440ffc,bargain.rentals,premium,118.8,118.8,high,low,7,namesilo,,,
753d0b10-c1ef-4d83-976c-2cb821e93e70,gets.rentals,available,6.98,56.98,medium,low,4,namecheap,,,18/09/2026 02:13
2bcef7d0-b7d2-431d-bc0c-a5913e84b1c8,coefficient.rentals,available,14.99,,high,low,11,name.com,,,
f4c50c00-4381-4d3e-b033-dc5e49c42f24,dough.rentals,available,6.98,56.98,high,low,5,namecheap,,,08/09/2026 03:53
1f592048-3b5e-4616-ae97-3159c013baaa,boom.rentals,available,14.99,,high,medium,4,name.com,,,
b8fb92e4-74f6-4b8c-940e-4632eef38471,chard.rentals,available,6.98,56.98,high,low,5,namecheap,,,23/09/2026 10:59
6a3e72d0-800b-4434-8c4c-c79be10485f0,library.rentals,available,10.99,44.49,high,low,7,namesilo,,,23/09/2026 17:30
34dad2a8-6f88-4f34-98b1-0d4a0badf70b,wounding.rentals,available,6.98,56.98,medium,low,8,namecheap,,,10/09/2026 17:53
555ace53-77bb-4bbc-aa74-e6bb181be127,unattached.rentals,available,6.98,56.98,high,low,10,namecheap,,,18/08/2026 14:48
3d6089d6-3755-4c89-a6f8-5b696a4013b8,capricorn.rentals,available,10.99,44.49,high,low,9,namesilo,,,24/09/2026 12:40
f3881f30-b3f5-4306-9f90-86c3c00dc92c,janet.rentals,available,10.99,44.49,high,low,5,namesilo,,,25/09/2026 13:29
00045a1b-c04b-4ffc-97fe-0820a4530bd8,mayhap.rentals,available,6.98,56.98,medium,low,6,namecheap,,,15/09/2026 13:45
e616732c-89d5-4d02-b63a-96737f9285f2,bonfires.rentals,available,10.99,44.49,medium,low,8,namesilo,,,20/09/2026 12:29
d907c712-b77b-4688-ae64-6b1dd3b91ac1,peirce.rentals,available,6.98,56.98,high,low,6,namecheap,,,23/09/2026 08:23
a24eeeba-a30a-4ecd-9881-c21f29e83b29,shabby.rentals,available,6.98,56.98,medium,low,6,namecheap,,,25/08/2026 06:58
2f9e9d44-d90b-44ba-8583-9021933da0a9,epicurean.rentals,available,6.98,56.98,high,low,9,namecheap,,,17/08/2026 10:40
10f497a9-9c66-461f-94f1-ec437957832a,took.rentals,available,14.99,,medium,low,4,name.com,,,
98a0da03-2915-4e27-a012-8b7a54d0bb40,sue.rentals,premium,78.54,78.54,high,low,3,namesilo,,,
84b3561e-03d9-45e7-b74f-d62d746a85ce,contempt.rentals,available,14.99,,medium,low,8,name.com,,,
876e047d-c83c-444b-be5d-cb30c69f337d,contention.rentals,available,10.99,44.49,medium,low,10,namesilo,,,20/09/2026 04:48
f862b46f-933b-4b9a-9dae-5de3ba8dc8f8,matthew.rentals,available,6.98,56.98,high,low,7,namecheap,,,25/09/2026 06:38
bf1a99dc-1516-46ff-8255-432c152d58e8,category.rentals,available,10.99,44.49,high,low,8,namesilo,,,24/09/2026 13:09
5f9f97e3-8491-450a-bb81-e82b3075a8a4,jerky.rentals,available,6.98,56.98,high,low,5,namecheap,,,06/08/2026 22:03
1d3ed56b-96d3-4d90-90fa-21240e2a8d82,het.rentals,available,6.98,56.98,medium,low,3,namecheap,,,21/08/2026 02:20
b41033be-c4cf-43c3-a214-6736e8f265d0,linda.rentals,available,10.99,44.49,high,low,5,namesilo,,,25/09/2026 14:03
098562ad-97a5-4031-93eb-586773a11f2b,oks.rentals,available,6.98,56.98,medium,low,3,namecheap,,,21/09/2026 06:13
6d20fc6f-271a-4d39-8bff-d1148beda44b,remington.rentals,available,14.99,,high,low,9,name.com,,,
0cc401a9-c062-4cda-b123-bad3afe82157,crowded.rentals,available,10.99,44.49,high,low,7,namesilo,,,24/09/2026 02:10
424c55fe-c079-428d-b050-badaec20a4f4,unruly.rentals,available,6.98,56.98,high,low,6,namecheap,,,10/08/2026 17:42
21a26a9c-65d7-4103-92d0-90337d70dfe7,honorary.rentals,available,6.98,56.98,high,low,8,namecheap,,,21/08/2026 13:29
7ec44449-82be-48d8-aba1-374b98921fc5,recyclable.rentals,available,6.98,56.98,high,low,10,namecheap,,,09/09/2026 11:31
8302c542-1ce4-4860-bb3d-fdf3d1469b96,ate.rentals,premium,78.54,78.54,high,low,3,namesilo,,,
2ec22264-a692-4162-b6e1-c5a54ecceaa7,aplitic.rentals,available,6.98,56.98,medium,low,7,namecheap,,,06/08/2026 00:35
555479f0-f180-43de-a018-bcb00ecf3aa5,arid.rentals,available,6.98,56.98,medium,low,4,namecheap,,,06/08/2026 18:58
7c1a73c2-e4b5-454a-9226-9c5131a3eaeb,invincible.rentals,available,10.99,44.49,high,low,10,namesilo,,,25/09/2026 11:10
4da06ef7-79eb-4255-a0fb-eef3415d8086,shady.rentals,available,6.98,56.98,high,low,5,namecheap,,,18/08/2026 09:37
2571576f-2f41-47a6-8f10-c057bc28d032,cancer.rentals,available,14.99,,high,low,6,name.com,,,
d1d01fd5-95e5-4179-9bbe-1537f90f7767,seyhan.rentals,available,10.99,44.49,medium,low,6,namesilo,,,17/09/2026 06:19
4d9f90da-4581-4ae7-83ef-3fdd4cafc1fe,unite.rentals,available,10.99,44.49,high,low,5,namesilo,,,24/09/2026 16:23
a9f403f0-d2ea-437f-91d9-3d540cc38aa2,vigilant.rentals,available,6.98,56.98,high,low,8,namecheap,,,04/09/2026 16:01
c37e4d0f-550b-43d5-8f1f-0020d81650d1,evocative.rentals,available,6.98,56.98,high,low,9,namecheap,,,17/08/2026 15:14
3aac2f8d-b5ce-42da-8cf9-e747b7718c42,henry.rentals,available,10.99,44.49,high,low,5,namesilo,,,25/09/2026 07:16
3d407bea-530c-4185-8ab2-6abf662fe824,anaheim.rentals,premium,128.7,128.7,high,low,7,namecheap,,,19/09/2026 01:31
d3eaee4f-bf54-423e-a2a8-4bf3c59a8553,inviting.rentals,available,6.98,56.98,high,low,8,namecheap,,,25/09/2026 11:14
2a06708d-e88f-43fb-a2bf-385d92a463a1,rarely.rentals,available,6.98,56.98,high,low,6,namecheap,,,15/09/2026 22:32
d8558215-6f81-4eb8-89fe-b85d861c7873,dauntless.rentals,available,6.98,56.98,high,low,9,namecheap,,,22/09/2026 12:12
81235f52-1e99-4000-88f8-5892b7012a80,medially.rentals,available,6.98,56.98,medium,low,8,namecheap,,,15/09/2026 13:54
7ca5d2a6-8d80-40e7-aeca-a705201ed212,myotonic.rentals,available,6.98,56.98,medium,low,8,namecheap,,,03/09/2026 12:15
aaea958e-b26b-4c69-93b0-aaa5f44a1a8a,dual.rentals,available,6.98,56.98,high,low,4,namecheap,,,14/08/2026 16:37
5997a6e6-5e4d-4c75-bf5a-2fe17a216103,amative.rentals,available,6.98,56.98,medium,low,7,namecheap,,,
0ad56581-5c32-43f9-8276-7f7528180173,swanky.rentals,available,6.98,56.98,high,low,6,namecheap,,,11/09/2026 05:15
fa3f3b8f-c9a9-40ae-8961-165dc5cd0ead,makeovers.rentals,available,10.99,44.49,medium,low,9,namesilo,,,21/09/2026 08:55
bd97e968-fde7-43a4-862a-43ced87dc314,loans.rentals,premium,118.8,118.8,high,low,5,namesilo,,,19/09/2026 21:43
8be5bd0f-20c5-4b20-81e9-388d026359a7,brakes.rentals,available,11.99,58.99,high,low,6,name.com,,,24/09/2026 08:09
a5319e7d-ad62-47a5-9995-8d52816ade08,slick.rentals,available,10.99,44.49,high,low,5,namesilo,,,24/09/2026 02:25
b67bf031-e07c-467f-8854-b7573eb94a13,procurement.rentals,available,10.99,44.49,high,low,11,namesilo,,,23/09/2026 02:56
d12df88e-86d1-4337-8a93-7163fd1b021c,cloaks.rentals,available,6.98,56.98,medium,low,6,namecheap,,,17/09/2026 14:28
0645ffe0-d6a0-4060-a265-70359ec93e44,flamboyant.rentals,available,10.99,44.49,high,low,10,namesilo,,,22/09/2026 12:57
be3ca41c-473f-484f-a1d1-b105c4f8362f,lallygag.rentals,available,6.98,56.98,medium,low,8,namecheap,,,11/09/2026 08:33
4fc2dc62-1091-458a-b12d-bf1509981bba,aggression.rentals,available,6.98,56.98,medium,low,10,namecheap,,,17/09/2026 17:29
1cf1d4c2-9063-4203-943c-40775df2ab58,destinations.rentals,available,10.99,44.49,high,low,12,namesilo,,,20/09/2026 11:44
b3eb5a08-c6d0-4fc4-9f40-7c6e31113d8f,gromyko.rentals,available,10.99,44.49,medium,low,7,namesilo,,,19/09/2026 04:28
b0088d95-c451-45fb-8250-b80e55346721,ovarian.rentals,available,6.98,56.98,medium,low,7,namecheap,,,04/09/2026 19:55
3fee019a-b7d8-40ad-9e3f-ee5829b764c0,allison.rentals,available,6.98,56.98,medium,low,7,namecheap,,,25/09/2026 17:48
ce014dff-a8cb-4784-9738-0203e4969fb0,business.rentals,premium,242,242,high,medium,8,namesilo,,,27/09/2026 01:37
b90af5a8-db71-4c97-967d-78e007795abb,underived.rentals,available,6.98,56.98,medium,low,9,namecheap,,,12/09/2026 07:29
2f453168-a2ef-4fa5-9c20-1fb20b95bdc7,minden.rentals,available,10.99,44.49,medium,low,6,namesilo,,,22/09/2026 15:29
534eb333-fa46-4c9b-867b-f2ea0d08627a,recalled.rentals,available,10.99,44.49,medium,low,8,namesilo,,,18/09/2026 02:40
2435e8fb-81cf-43e7-bf1c-1e8701007a86,ataraxic.rentals,available,6.98,56.98,medium,low,8,namecheap,,,07/08/2026 12:49
0f2be839-8e4a-4da0-ada9-ba131eaebfa1,anabaptist.rentals,available,10.99,44.49,medium,low,10,namesilo,,,19/09/2026 00:49
381a9d21-85e3-40e4-a5d8-4916fcf9147a,reportable.rentals,available,6.98,56.98,medium,low,10,namecheap,,,09/09/2026 14:36
46b5d9a5-cdc4-4344-b6c8-2f3446a73c03,briefly.rentals,available,14.99,,high,low,7,name.com,,,
3035ada7-c4a7-4720-a7a6-5477635fe465,ecologic.rentals,available,6.98,56.98,high,low,8,namecheap,,,10/08/2026 02:32
3182d9b4-2a32-4fc1-ab20-17783aa32fd3,gustatory.rentals,available,6.98,56.98,medium,low,9,namecheap,,,20/08/2026 21:07
34752ce4-9ee3-46a9-adc3-737eb4a2f634,bargello.rentals,available,10.99,44.49,medium,low,8,namesilo,,,22/09/2026 05:48
35c99791-d1cd-4eb7-a129-ae941a561275,disloyal.rentals,available,6.98,56.98,medium,low,8,namecheap,,,14/08/2026 11:36
37a17c7c-7214-4151-bc4c-7c961cec88a9,homewards.rentals,available,6.98,56.98,high,low,9,namecheap,,,21/08/2026 11:24
b8d8fcb5-441d-47e1-bc7b-af92eaae104c,cathari.rentals,available,10.99,44.49,medium,low,7,namesilo,,,18/09/2026 02:53
f2aff107-9482-441a-a231-f31a6548503a,solidus.rentals,available,10.99,44.49,high,low,7,namesilo,,,23/09/2026 12:18
306500d3-53e6-4d94-a5ce-021a53be600f,living.rentals,premium,242,242,high,low,6,namesilo,,,25/09/2026 14:05
36e9b9f7-55e8-4e2c-aece-b0bdc3717b4c,unlatched.rentals,available,6.98,56.98,medium,low,9,namecheap,,,12/09/2026 01:38
bdffaafe-b941-462d-9eee-1e84f87db943,judges.rentals,available,14.99,,high,low,6,name.com,,,
68e2613b-4eb6-48dd-9ef3-392c21ac1f19,phonologic.rentals,available,6.98,56.98,medium,low,10,namecheap,,,08/09/2026 19:14
925b65be-6c2a-4e9f-9795-c63bc95076ba,landing.rentals,available,14.99,,high,low,7,name.com,,,
26a9b351-0a9e-4bbe-b405-ab8be3565d90,restructuring.rentals,available,14.99,,medium,low,13,name.com,,,
3a317f4f-c60d-444c-8ebb-ce5b26f2eba2,attendee.rentals,available,10.99,44.49,high,low,8,namesilo,,,21/09/2026 01:26
7a1eab1e-ae7c-4002-a6b7-2629bce0867f,attract.rentals,available,14.99,,high,low,7,name.com,,,
c65aa97d-4ba5-4456-9d43-84374e13ac30,beanie.rentals,available,6.98,56.98,high,low,6,namecheap,,,22/09/2026 20:31
043cabde-638c-431a-a1b3-69b7b4dda4ec,slide.rentals,available,14.99,,high,low,5,name.com,,,
330e0cbf-0712-4045-bed4-d1ed0f486f5d,consumable.rentals,available,6.98,56.98,high,low,10,namecheap,,,12/08/2026 23:04
534db1af-af03-4f0f-877a-216e61f177d6,normandy.rentals,available,14.99,,high,low,8,name.com,,,
547f5cf5-60d6-4eea-9fec-ba15b75db875,copyright.rentals,available,6.98,56.98,high,low,9,namecheap,,,24/09/2026 18:10
6186d977-8029-411c-bbdb-a31712136176,parted.rentals,available,6.98,56.98,high,low,6,namecheap,,,08/09/2026 01:57
37769007-5caf-40a9-a46a-9c8da23c3197,remnant.rentals,available,6.98,56.98,high,low,7,namecheap,,,22/08/2026 22:50
c9b736db-60be-4f8b-ab9b-7aef176e8cce,traceable.rentals,available,6.98,56.98,high,low,9,namecheap,,,11/09/2026 18:33
65a03d28-8d4e-4adf-8744-d6bab6e6c84d,devalued.rentals,available,6.98,56.98,medium,low,8,namecheap,,,14/08/2026 05:02
9696f35e-f081-40ac-a59f-70612479b14c,unspoken.rentals,available,6.98,56.98,high,low,8,namecheap,,,03/09/2026 11:51
789f08a5-6867-4aa4-90f0-9aa27a5d818c,expandable.rentals,available,6.98,56.98,high,low,10,namecheap,,,17/08/2026 17:51
dffef16c-60be-4d24-8527-60199d270559,earle.rentals,available,10.99,44.49,medium,low,5,namesilo,,,26/09/2026 03:17
f0148b90-cae3-438b-99e4-98d06566157f,agincourt.rentals,available,6.98,56.98,medium,low,9,namecheap,,,17/09/2026 17:59
4bdf3860-cdf4-4966-af05-cb8d8c818412,atelier.rentals,available,10.99,44.49,high,medium,7,namesilo,,,20/09/2026 11:53
b6053af7-77bf-4e47-a8aa-aca3d8d8a812,tutu.rentals,available,10.99,44.49,high,low,4,namesilo,,,21/09/2026 22:53
6b59ca3d-ea73-4586-a320-b473f51431ad,ratty.rentals,available,6.98,56.98,medium,low,5,namecheap,,,25/08/2026 06:53
fbeb0dcb-aad1-44a5-ba6a-e47fdafe79a1,rear.rentals,available,6.98,56.98,high,low,4,namecheap,,,22/09/2026 19:06
f80e2c27-8a5b-4eca-8b4a-9d0a439fd067,barrier.rentals,available,14.99,,medium,low,7,name.com,,,
607ebcd0-a0aa-4ac7-b338-027be74db6cd,listening.rentals,available,10.99,44.49,high,low,9,namesilo,,,25/09/2026 09:00
e6139945-4003-4e61-917f-60afde3c1dd6,aluminous.rentals,available,6.98,56.98,medium,low,9,namecheap,,,
c569cb7d-aa99-418f-9090-8f2976f7d5ed,aeolis.rentals,available,10.99,44.49,low,low,6,namesilo,,,17/09/2026 12:32
293cf79c-f781-4fc4-8760-399a5410f434,piles.rentals,available,6.98,56.98,high,low,5,namecheap,,,14/09/2026 23:21
7ea2f6c7-fcb4-4b43-be24-48280c07713a,alluvial.rentals,available,6.98,56.98,high,low,8,namecheap,,,
6ca93304-a269-4f18-b40c-56dd930fa6ac,hearty.rentals,available,6.98,56.98,high,low,6,namecheap,,,21/08/2026 02:13
dcf95e9d-17ca-4f3c-a180-95478f6b53a3,bremen.rentals,available,10.99,44.49,high,low,6,namesilo,,,25/09/2026 21:59
7fe076f7-1283-4c8e-b347-e94b5cf8a432,sober.rentals,available,6.98,56.98,high,low,5,namecheap,,,20/08/2026 18:42
e7f4b656-4a15-4eb7-b42a-9cc41f198b90,bury.rentals,premium,118.8,118.8,high,low,4,namesilo,,,
07880d3d-3ce6-4ad5-8ab0-61d4f74b00b4,attendant.rentals,available,10.99,44.49,high,low,9,namesilo,,,21/09/2026 15:40
53584970-c8be-419f-a63f-3aff729bde41,curving.rentals,available,6.98,56.98,high,low,7,namecheap,,,13/08/2026 11:49
f7e35139-0b98-4783-8179-a368f7af274d,gilt.rentals,available,6.98,56.98,high,low,4,namecheap,,,18/08/2026 23:34
7a5e0aa6-952a-40ad-83f5-f79594ad340d,disorderly.rentals,available,6.98,56.98,medium,low,10,namecheap,,,14/08/2026 11:51
d1cfd2a3-ea08-447b-aae7-6b2da09237f0,ivan.rentals,available,10.99,44.49,high,low,4,namesilo,,,25/09/2026 12:04
5298422d-7e6c-4ba3-a763-2e231beb7571,shakespeare.rentals,available,14.99,,high,low,11,name.com,,,
a60f822d-34f7-469c-92aa-7245989b04e5,dazzled.rentals,available,11.99,58.99,high,low,7,name.com,,,13/08/2026 18:57
1c55f707-5a6b-4445-8fe6-376d33f52beb,child.rentals,available,6.98,56.98,high,low,5,namecheap,,,25/09/2026 20:33
3e5430ed-a6d8-4d51-885d-16407303a5be,agendum.rentals,available,10.99,44.49,high,low,7,namesilo,,,17/09/2026 17:05
911d2170-2a5c-4bf9-8b8c-3ee1f63efe91,sadness.rentals,available,14.99,,high,low,7,name.com,,,
0677d096-ec2c-4d63-9645-8003ae320cf1,baronial.rentals,available,6.98,56.98,medium,low,8,namecheap,,,08/08/2026 20:11
1440ce91-1c94-4f2f-b603-67771641a5a3,ingrown.rentals,available,6.98,56.98,medium,low,7,namecheap,,,22/08/2026 04:56
cfeca819-14f7-4594-a272-afc32d53a476,netted.rentals,available,6.98,56.98,medium,low,6,namecheap,,,03/09/2026 16:02
75d11533-0465-4f66-a7e6-75302b66e356,carroty.rentals,available,6.98,56.98,medium,low,7,namecheap,,,11/08/2026 19:48
6b5e46e3-492a-4263-92b4-5587292df335,horsefish.rentals,available,6.98,56.98,medium,low,9,namecheap,,,20/09/2026 21:39
95fb3cb1-3b8b-4e66-a43b-05d6118d7687,lund.rentals,available,10.99,44.49,high,low,4,namesilo,,,25/09/2026 09:11
da536f22-7aef-46c5-b8a0-7bbe9337234a,bravery.rentals,available,14.99,,high,low,7,name.com,,,
3eb0a658-c03e-460d-ae07-23aed4949b02,inrush.rentals,available,6.98,56.98,high,low,6,namecheap,,,22/08/2026 06:17
259fe4b5-7ee6-4857-a63f-15d1e729fc21,lowly.rentals,available,6.98,56.98,medium,low,5,namecheap,,,08/08/2026 21:38
667c45e8-8124-4bec-8b34-7c6f3e7480e9,hoopla.rentals,available,10.99,44.49,high,low,6,namesilo,,,21/09/2026 23:33
47c742c4-8d69-4b0e-8e19-f133a581cf91,riffle.rentals,available,6.98,56.98,medium,low,6,namecheap,,,12/09/2026 08:36
217f868a-223d-420e-9803-734f3e8715d3,informed.rentals,available,6.98,56.98,high,low,8,namecheap,,,25/09/2026 09:34
2335824e-e2a5-455f-bd52-06f0b5c74c46,gospel.rentals,available,10.99,44.49,high,low,6,namesilo,,,24/09/2026 14:58
194b3bf7-8289-41ea-a604-5adbdfd292cc,gestural.rentals,available,6.98,56.98,medium,low,8,namecheap,,,18/08/2026 22:57
864466b4-c1c6-45a0-85f7-3c8e2f99f5aa,stretchout.rentals,available,6.98,56.98,medium,low,11,namecheap,,,17/09/2026 05:03
291218d7-88e4-49c7-ba85-1d3286ed6c59,imuran.rentals,available,6.98,56.98,medium,low,6,namecheap,,,21/09/2026 11:01
c7d3e6d4-46b1-4441-bc68-c9b025e7edd9,prodigally.rentals,available,6.98,56.98,medium,low,10,namecheap,,,15/09/2026 21:38
0e3eebb3-df85-4b55-83e4-652f49d8dd19,brownie.rentals,available,14.99,,high,low,7,name.com,,,
3075adb2-fe3c-4e82-a6fa-658f5945f41a,brutal.rentals,available,6.98,56.98,medium,low,6,namecheap,,,08/08/2026 15:45
416ce941-76d5-49db-9b5b-aedc910463a3,eagerness.rentals,available,10.99,44.49,high,low,9,namesilo,,,21/09/2026 09:28
f2740212-bfbb-4e63-bdf1-0f341050d052,algorism.rentals,available,6.98,56.98,medium,low,8,namecheap,,,18/09/2026 07:14
208b5a39-8431-466a-abc9-ff9db0b4e5e7,perishable.rentals,available,6.98,56.98,high,low,10,namecheap,,,08/09/2026 17:18
7f85eb74-c273-4184-9151-c68c0406f6dc,corn.rentals,available,14.99,,high,low,4,name.com,,,
49f983b1-9721-4152-a408-9da358583413,bivalvia.rentals,available,10.99,44.49,medium,low,8,namesilo,,,23/09/2026 23:16
accbbf58-fc9a-4b84-98cc-329ff5ae5069,ebullient.rentals,available,6.98,56.98,high,low,9,namecheap,,,14/08/2026 23:20
f47823cc-74b6-4e83-af33-fdc7c22a11a6,senses.rentals,available,14.99,,high,low,6,name.com,,,
587053f1-fced-453c-a126-04908be63565,advisors.rentals,available,10.99,44.49,medium,low,8,namesilo,,,24/09/2026 14:22
6a81e0e3-1fdb-4d46-a388-194eaf4a0488,scalar.rentals,available,6.98,56.98,high,low,6,namecheap,,,09/09/2026 22:16
8d72c7a7-14b0-4add-8d9f-eae438ce9e35,seeming.rentals,available,14.99,,high,low,7,name.com,,,
6984d585-e3fb-45ec-a87c-fd615d1e0638,colonized.rentals,available,6.98,56.98,medium,low,9,namecheap,,,12/08/2026 17:23
eb4d5327-adb6-4bda-816c-a472097e7dcb,nancy.rentals,available,10.99,44.49,medium,low,5,namesilo,,,25/09/2026 09:33
172807cc-6d99-4236-9dce-64ab3e488a31,parity.rentals,available,10.99,44.49,high,low,6,namesilo,,,24/09/2026 13:55
1f3d848c-895c-484c-bc4f-51c3a7205a60,worship.rentals,available,10.99,44.49,high,low,7,namesilo,,,17/09/2026 09:43
6afc3e75-9413-4fcd-b734-a11202530779,campanula.rentals,available,10.99,44.49,high,low,9,namesilo,,,23/09/2026 06:05
8a290979-5d85-49bd-8dc4-c96a9e29bb8e,zambian.rentals,available,6.98,56.98,high,low,7,namecheap,,,13/09/2026 15:05
f886c76b-100a-43ad-9d34-adcf26d895f7,dana.rentals,available,10.99,44.49,high,low,4,namesilo,,,25/09/2026 22:21
3eda3a49-4bb1-4c56-84f6-9fb698af9ef4,appreciative.rentals,available,14.99,,high,low,12,name.com,,,
b7ef4f7d-67db-4c4e-91fb-bf99f63fe105,scapegrace.rentals,available,6.98,56.98,medium,low,10,namecheap,,,24/09/2026 01:41
b9c1c86e-77f5-446e-8bb9-3a709d2ce101,potbelly.rentals,available,10.99,44.49,high,low,8,namesilo,,,22/09/2026 17:43
88d2ac60-66a6-4bea-8bb2-29e505959bbb,luis.rentals,available,6.98,56.98,high,low,4,namecheap,,,25/09/2026 14:41
39f44f4e-6797-4304-9ce0-c6bd59a13f87,sensually.rentals,available,6.98,56.98,medium,low,9,namecheap,,,16/09/2026 00:58
58862fd0-9f5c-4cea-8641-f4e359f45946,independent.rentals,available,14.99,,high,low,11,name.com,,,
7000543a-6599-4d52-a51f-674ee55763a2,elvish.rentals,available,6.98,56.98,medium,low,6,namecheap,,,16/08/2026 03:43
431f9e68-3023-4fed-9fda-20820f429a32,serbs.rentals,available,10.99,44.49,medium,low,5,namesilo,,,20/09/2026 12:11
94fc3912-3be4-47b0-889d-1bcc696ae742,grasping.rentals,available,6.98,56.98,high,low,8,namecheap,,,07/08/2026 22:04
fc7ae561-e307-48be-bb98-427e6387149e,bitter.rentals,available,6.98,56.98,high,low,6,namecheap,,,
40edc4d7-fed2-4739-bef1-0e32c9461218,martian.rentals,available,6.98,56.98,high,low,7,namecheap,,,24/08/2026 16:37
6cab8708-1c3c-45ee-b5dd-a57bad1c0171,anunnaki.rentals,available,10.99,44.49,medium,low,8,namesilo,,,19/09/2026 15:51
245f518a-c542-4f32-b2e8-ca66a989f601,streamers.rentals,available,10.99,44.49,medium,low,9,namesilo,,,20/09/2026 01:44
c2ebda8d-726f-41c3-a632-2f4c674f2b32,bread.rentals,available,6.98,56.98,high,low,5,namecheap,,,08/09/2026 03:15
ceb8fa04-2cdc-4922-84e9-5d8061b74fe0,conflict.rentals,available,10.99,44.49,high,low,8,namesilo,,,22/09/2026 14:40
f88d9599-421b-4f79-b4a5-832c8d617427,antisocial.rentals,available,6.98,56.98,medium,low,10,namecheap,,,05/08/2026 19:39
92193f89-e836-43e1-b4e1-e4ca80cf3853,psychical.rentals,available,6.98,56.98,medium,low,9,namecheap,,,09/09/2026 05:07
ba3cbcd9-f29a-4250-bdcf-7d0a3bd9f1bd,cherimoya.rentals,available,10.99,44.49,medium,low,9,namesilo,,,19/09/2026 10:32
d3f49b8f-7346-4a13-b052-e693a085f72e,bowhead.rentals,available,6.98,56.98,medium,low,7,namecheap,,,21/09/2026 20:32
70d786ca-5af5-436d-a750-ab032209585d,nameless.rentals,available,6.98,56.98,high,low,8,namecheap,,,03/09/2026 12:53
e3f11d29-bd7a-491b-8ffb-65dfad3e0d34,adoptable.rentals,available,6.98,56.98,high,low,9,namecheap,,,
12a77064-358e-4478-98d8-0fb0979c15d3,selfish.rentals,available,14.99,,high,low,7,name.com,,,
40ad8dc8-8e6f-4b87-b0e3-d317da51ce14,palpitant.rentals,available,6.98,56.98,medium,low,9,namecheap,,,05/09/2026 00:17
1ac1bf2d-1366-41eb-bda2-544a94d12efd,locomotor.rentals,available,6.98,56.98,high,low,9,namecheap,,,24/08/2026 08:50
5c13ba0c-fe73-454c-a2b6-f11345edd6e1,uptight.rentals,available,6.98,56.98,medium,low,7,namecheap,,,15/08/2026 09:30
eb9736b8-f25a-4c7d-89a8-44fbe7095927,cleverness.rentals,available,10.99,44.49,high,low,10,namesilo,,,24/09/2026 15:36
97bc9330-9933-4234-a7b8-5f681df47cef,farsighted.rentals,available,6.98,56.98,high,low,10,namecheap,,,17/08/2026 22:41
fca324b6-3dac-4d7f-85da-6bc9adc2b999,swimsuits.rentals,available,10.99,44.49,medium,low,9,namesilo,,,18/09/2026 15:44
5982e50c-e44c-45d8-b8a9-92df80039e00,spherical.rentals,available,6.98,56.98,high,low,9,namecheap,,,08/08/2026 10:21
845a125b-4ec9-4f8f-8187-81560e21c832,cornflower.rentals,available,11.99,58.99,high,low,10,name.com,,,21/09/2026 14:08
ac47098d-6c45-4448-b797-1c45abd1709f,apotheosis.rentals,available,6.98,56.98,high,low,10,namecheap,,,03/09/2026 20:11
ab5675b8-ec5e-4232-b89a-e973526dddf0,tilden.rentals,available,11.99,58.99,medium,low,6,name.com,,,23/09/2026 14:08
fafa3955-3e7c-427b-9f9c-83f9de18ea88,hexangular.rentals,available,6.98,56.98,medium,low,10,namecheap,,,21/08/2026 07:48
bad256e0-eeaf-45ff-badd-081b7761c7cd,innovation.rentals,available,10.99,44.49,high,medium,10,namesilo,,,23/09/2026 02:50
a00ea4ad-50d8-4639-bbb0-96e8ce38010c,clan.rentals,available,6.98,56.98,high,low,4,namecheap,,,22/08/2026 16:05
73c288af-9106-4152-b15f-3b399ada3c0c,smothered.rentals,available,6.98,56.98,medium,low,9,namecheap,,,10/09/2026 12:11
be67d005-b68c-49ad-ba44-93a1280149aa,deaf.rentals,available,11.99,58.99,high,low,4,name.com,,,13/08/2026 19:42
e4887dc4-afab-4972-9f91-e4381990207c,apparel.rentals,available,14.99,,high,low,7,name.com,,,
b55f09fd-c4b9-46d5-8b51-e3c7e2d69578,andesite.rentals,available,10.99,44.49,medium,low,8,namesilo,,,19/09/2026 04:04
f7469d70-5b0e-4be7-81ef-f1d6f2c1afe1,wolff.rentals,available,10.99,44.49,high,low,5,namesilo,,,25/09/2026 23:22
d3d47c24-99a1-458c-a48d-81cde273035a,shocking.rentals,available,6.98,56.98,medium,low,8,namecheap,,,24/09/2026 11:12
c8ef2471-0ac1-4899-b30b-b961b88aad5b,released.rentals,available,14.99,,medium,low,8,name.com,,,
23b0fdc6-5ff7-4548-9337-fbd2524a1e91,inflatable.rentals,resell,,,high,low,10,Dynadot Inc,17/11/2017 23:25,17/11/2026 23:25,26/09/2026 06:51
8d7f9436-3b38-45f8-9a35-6687b1095c87,fraud.rentals,available,14.99,,high,low,5,name.com,,,
54c900a2-62d4-4b46-813e-4d05ec537b8d,valiantly.rentals,available,10.99,44.49,medium,low,9,namesilo,,,16/09/2026 10:36
496045a7-d08d-4e79-ba03-c01acc68d724,eroticism.rentals,available,10.99,44.49,medium,low,9,namesilo,,,18/09/2026 16:10
c69307e0-89af-42a9-bce0-0a73b6f8d225,amaze.rentals,available,6.98,56.98,high,low,5,namecheap,,,21/09/2026 17:36
01a51a0a-1f88-40cc-a0b1-64a6149253f1,gates.rentals,available,14.99,,high,low,5,name.com,,,
d252f8e1-47e4-4388-8c47-8df902d1aa15,gall.rentals,available,10.99,44.49,medium,low,4,namesilo,,,23/09/2026 15:42
abb743dc-4082-4b18-8128-9446effa1473,absurdity.rentals,available,10.99,44.49,high,low,9,namesilo,,,16/09/2026 18:39
6f9f5078-7f29-49cc-939a-aedbed1444bb,flaunt.rentals,available,6.98,56.98,high,low,6,namecheap,,,11/09/2026 05:17
b5b5bee5-3d59-413c-869f-9b20954a9cb9,quickness.rentals,available,14.99,,high,low,9,name.com,,,
7aba11c1-8679-4149-9179-47efe81e4b96,tramway.rentals,available,6.98,56.98,high,low,7,namecheap,,,17/09/2026 12:48
6be22efc-9b18-4001-a826-7c44e9cd689f,dotty.rentals,available,6.98,56.98,medium,low,5,namecheap,,,06/08/2026 20:55
000e047a-c599-47e6-ac0c-d2784b2b7965,baseline.rentals,available,6.98,56.98,high,low,8,namecheap,,,22/09/2026 10:15
d4c859ee-91b8-415f-961c-e4eb2ec42452,brit.rentals,available,6.98,56.98,high,low,4,namecheap,,,11/08/2026 04:52
468e0522-da98-44fa-bb32-8a4ab21a5ad7,jasmine.rentals,available,6.98,56.98,high,low,7,namecheap,,,08/09/2026 14:04
e6da5cba-1a71-42e5-8483-96c6003112f4,pony.rentals,available,14.99,,high,low,4,name.com,,,
1d57a295-696e-4284-af3b-19784bae7263,tout.rentals,available,6.98,56.98,high,low,4,namecheap,,,11/08/2026 01:03
40d35d7d-c924-412f-ac45-71ecce6a55e7,grisly.rentals,available,6.98,56.98,medium,low,6,namecheap,,,18/08/2026 23:15
0121ffc4-f815-4b22-8cfd-2706d6024f6e,affirmed.rentals,available,10.99,44.49,high,low,8,namesilo,,,17/09/2026 14:27
5b4c9dbf-42b7-4fb7-8861-f13680fe3b54,sugared.rentals,available,6.98,56.98,medium,low,7,namecheap,,,11/09/2026 01:16
2c974ab0-8514-4844-8d90-0bc43c59316c,whirr.rentals,available,6.98,56.98,medium,low,5,namecheap,,,13/09/2026 11:31
3e1c151d-8335-422a-bacb-9a397d686fae,gramme.rentals,available,14.99,,high,low,6,name.com,,,
c5ad8796-b681-40d2-a7c2-cceed6e12822,arui.rentals,available,10.99,44.49,medium,low,4,namesilo,,,18/09/2026 22:15
5c7df9ae-776a-4d88-b8b2-2c257dd616d8,reacted.rentals,available,10.99,44.49,medium,low,7,namesilo,,,20/09/2026 00:48
e5132e15-dd59-4fb0-a601-0ef6562c3414,redwing.rentals,available,10.99,44.49,high,low,7,namesilo,,,17/09/2026 16:57
cacb07c7-23c5-49da-b960-1ebff317eef7,wajda.rentals,available,10.99,44.49,medium,low,5,namesilo,,,19/09/2026 05:01
fc160fb1-4a3d-44c1-9f3d-761ad7c4f84b,royally.rentals,available,6.98,56.98,medium,low,7,namecheap,,,15/09/2026 12:01
0509166a-58d0-4d3d-84c7-2c6c385e4f45,wiper.rentals,available,10.99,44.49,high,low,5,namesilo,,,24/09/2026 17:39
ecd82bb5-1b3d-42ac-8e18-9230b3498bac,unposed.rentals,available,6.98,56.98,medium,low,7,namecheap,,,12/09/2026 17:15
7257bcde-6d6e-46d7-805a-0ef90ade5f55,stemless.rentals,available,6.98,56.98,medium,low,8,namecheap,,,
c0d1d84d-a776-4cc0-b31f-e3474155946f,indelible.rentals,available,6.98,56.98,high,low,9,namecheap,,,22/08/2026 02:37
6f853f0a-572f-43fd-9030-5c012fe98410,octavian.rentals,available,10.99,44.49,medium,low,8,namesilo,,,21/09/2026 04:03
42930f5e-42f3-4fec-99dd-d0a8d7c27b7c,aboriginal.rentals,available,6.98,56.98,high,low,10,namecheap,,,
20cbd1ab-8df7-4e79-a202-84e01fef1e60,escapade.rentals,available,10.99,44.49,high,low,8,namesilo,,,17/09/2026 10:37
50788602-cc38-461c-8971-0cd049baf309,sumptuary.rentals,available,6.98,56.98,medium,low,9,namecheap,,,11/09/2026 01:40
a26c177e-c4ae-4f52-a9e0-308d253c278a,infected.rentals,available,6.98,56.98,high,low,8,namecheap,,,22/08/2026 04:09
eb5f84c9-9a26-4aaa-a936-1c4cbcd71b82,vindicated.rentals,available,6.98,56.98,high,low,10,namecheap,,,08/09/2026 05:23
3dd895da-18c5-413f-aebe-ab02cb7d80ac,comical.rentals,available,10.99,44.49,high,low,7,namesilo,,,23/09/2026 15:19
41d1259d-5a04-4abe-881c-a2c88d385f7d,communism.rentals,available,6.98,56.98,high,low,9,namecheap,,,24/09/2026 16:38
a8e18c12-5a67-46b9-be69-4786786670be,productive.rentals,available,6.98,56.98,high,low,10,namecheap,,,18/08/2026 21:26
f9020be5-1a84-4127-97f6-5f2ceaee6738,somersault.rentals,available,6.98,56.98,high,low,10,namecheap,,,18/08/2026 08:25
583f0179-8626-4879-98d3-3de6ff7f82a8,acquiesce.rentals,available,10.99,44.49,high,low,9,namesilo,,,20/09/2026 16:11
eb590cd5-4818-4b95-97e0-b8817d5449fe,mesic.rentals,available,6.98,56.98,medium,low,5,namecheap,,,24/08/2026 21:11
f5f86731-44c9-48bb-9af3-dc58c83ed25d,baldr.rentals,available,6.98,56.98,medium,low,5,namecheap,,,21/09/2026 21:35
1ff1151c-919b-4feb-8550-4aabb5e67aa3,partisan.rentals,available,6.98,56.98,high,low,8,namecheap,,,08/09/2026 02:07
622ecdd8-7898-41ba-a1cd-94be6c7528ed,diving.rentals,premium,118.8,118.8,high,low,6,namesilo,,,
9e66aa37-b998-418e-9b44-70a4dfa55247,diluted.rentals,available,6.98,56.98,medium,low,7,namecheap,,,14/08/2026 07:45
21f2fcfc-a21e-4975-b807-22e13781a838,loco.rentals,available,6.98,56.98,high,low,4,namecheap,,,06/08/2026 21:13
2877c973-1c86-4313-ba23-771c737e8285,engines.rentals,available,6.98,56.98,medium,low,7,namecheap,,,19/09/2026 19:59
4ff0484e-c957-4952-8870-e3771d171869,balsam.rentals,available,10.99,44.49,high,low,6,namesilo,,,22/09/2026 00:04
5fa28fdf-ea44-4ea1-b763-1dd606de7749,foes.rentals,available,10.99,44.49,low,low,4,namesilo,,,18/09/2026 06:38
15e099ca-44c8-46df-942c-52b6f9e3d664,shuddering.rentals,available,6.98,56.98,medium,low,10,namecheap,,,10/09/2026 07:02
6e67fb9a-a709-4433-a70a-78341ddf93a0,herself.rentals,available,6.98,56.98,medium,low,7,namecheap,,,26/09/2026 03:24
8ddd2ecf-ec50-441d-a6ed-6685dd2f23f7,baleful.rentals,available,6.98,56.98,medium,low,7,namecheap,,,08/08/2026 09:39
788712c5-6871-4616-95e6-74ca0c64388e,alehouse.rentals,available,6.98,56.98,high,low,8,namecheap,,,18/09/2026 05:01
c94971b9-4023-494b-ada6-8e73537b8ee9,abele.rentals,available,10.99,44.49,medium,low,5,namesilo,,,16/09/2026 15:02
a03a9747-771b-45e4-9894-982c01747aef,convolve.rentals,available,6.98,56.98,medium,low,8,namecheap,,,13/08/2026 00:01
e9a81234-f635-4f8a-93a0-34255a391cec,bellying.rentals,available,6.98,56.98,low,low,8,namecheap,,,09/08/2026 13:37
e0ab9343-f30c-480d-9029-8e2ee37fb938,wheezy.rentals,available,6.98,56.98,medium,low,6,namecheap,,,07/08/2026 09:31
516f71b0-dc92-4b1b-b5d3-da3c039d8a1f,cognizant.rentals,available,6.98,56.98,high,low,9,namecheap,,,08/08/2026 00:13
473e6b29-2321-45ca-a387-db7e65a41b22,malawian.rentals,available,6.98,56.98,high,low,8,namecheap,,,24/08/2026 13:40
f7bf79f7-2ff1-4e73-8ef8-032899e2d9c3,swazi.rentals,available,6.98,56.98,high,low,5,namecheap,,,11/09/2026 05:27
462b27a5-18af-4d10-89d5-462b4fecb374,well.rentals,available,10.99,44.49,high,low,4,namesilo,,,24/09/2026 22:39
171be758-b24f-4fdd-9a83-a75cf01961b3,nefarious.rentals,available,6.98,56.98,medium,low,9,namecheap,,,03/09/2026 14:57
e5810584-48a5-4b05-b7f1-8560fb456106,carven.rentals,available,6.98,56.98,medium,low,6,namecheap,,,11/08/2026 19:59
c96328d3-81c1-4c0d-9700-eda2d75c3de3,aphoristic.rentals,available,6.98,56.98,medium,low,10,namecheap,,,05/08/2026 23:31
36eef377-4ffc-4061-abeb-1f02de4d67bb,wolfish.rentals,available,6.98,56.98,medium,low,7,namecheap,,,15/08/2026 07:01
bfd96c38-2675-4274-98a5-01ce70b70715,springbok.rentals,available,6.98,56.98,medium,low,9,namecheap,,,19/09/2026 14:19
19d00bdc-236c-4cb4-b8b9-90f9d1feec9c,vitiate.rentals,available,6.98,56.98,medium,low,7,namecheap,,,13/08/2026 02:22
e495aadd-2dfe-44ec-959c-15dce9b7a4b4,amberbell.rentals,available,10.99,44.49,medium,low,9,namesilo,,,18/09/2026 16:32
3d0ac96b-b59d-4f28-9b85-92df08dbdb01,beaten.rentals,available,6.98,56.98,medium,low,6,namecheap,,,09/08/2026 05:47
a7ceda6f-3326-4f56-add7-48c2ce3af4b9,cheesecake.rentals,available,10.99,44.49,high,low,10,namesilo,,,24/09/2026 14:12
62ed1bea-0d31-436d-a908-1e32ba68f47f,bakeshop.rentals,available,6.98,56.98,high,low,8,namecheap,,,21/09/2026 20:10
be5b8485-4549-4792-b474-5af1b765d7c9,unaddicted.rentals,available,6.98,56.98,medium,low,10,namecheap,,,11/09/2026 23:50
8be3f5c4-e1e9-413c-bec7-5f034423a68d,capillary.rentals,available,6.98,56.98,high,low,9,namecheap,,,11/08/2026 17:53
cc32aef8-5545-46fa-ad3f-57683f763d14,gaslighter.rentals,available,14.99,,medium,low,11,name.com,,,
993730cd-5085-43c7-9752-6893c3fb4b44,barmaid.rentals,available,10.99,44.49,high,low,7,namesilo,,,22/09/2026 06:36
91913d38-035b-45ca-9a1c-2a931faede93,bipolar.rentals,available,6.98,56.98,high,low,7,namecheap,,,10/08/2026 05:30
1543ce57-b1e4-47b5-9ca1-0d436306ce2b,recurrent.rentals,available,6.98,56.98,high,low,9,namecheap,,,09/09/2026 11:57
0b0b20db-14a6-4678-83e1-1b49a316ea66,gifts.rentals,premium,242,242,high,low,5,namesilo,,,25/09/2026 17:25
dd9eb65d-4fcf-4909-9f57-a39287d4cc45,reformed.rentals,available,6.98,56.98,high,low,9,namecheap,,,09/09/2026 10:53
abebd4c5-bba7-421b-a9d3-43ced1f5cd6e,mosey.rentals,available,10.99,44.49,high,low,5,namesilo,,,18/09/2026 17:00
9f360a68-9eb7-45d3-8113-9edd29e00e3a,tiddler.rentals,available,6.98,56.98,medium,low,7,namecheap,,,25/08/2026 00:10
62b67834-c7d5-4a76-b7d7-9ac08b6156d2,zone.rentals,premium,118.8,118.8,high,low,4,namesilo,,,
f7899e18-9235-4f3e-9d08-66740e07dd5a,derain.rentals,available,10.99,44.49,medium,low,6,namesilo,,,19/09/2026 04:09
fc2ba3fb-2187-4291-8467-4c9766c0112b,academic.rentals,available,10.99,44.49,high,low,8,namesilo,,,21/09/2026 15:21
f307032f-69e8-4904-a9a6-65e9150baa41,screw.rentals,available,6.98,56.98,high,low,5,namecheap,,,18/08/2026 17:26
abd2987a-9749-4ab4-a127-092ef09b7dc7,algol.rentals,available,10.99,44.49,medium,low,5,namesilo,,,18/09/2026 07:05
a0689fc5-5b50-4248-b2b3-66e77d78809f,crappy.rentals,available,6.98,56.98,medium,low,6,namecheap,,,13/08/2026 05:12
b8b5d6e0-8a48-4c83-a72d-07a118ee5659,terror.rentals,available,14.99,,high,low,6,name.com,,,
39087af0-6281-416e-a3af-34655b28faa8,anchorite.rentals,available,10.99,44.49,medium,low,9,namesilo,,,19/09/2026 03:44
88ee6ef9-be05-43fa-9524-dd7618f8825b,unshaded.rentals,available,6.98,56.98,medium,low,8,namecheap,,,12/09/2026 19:27
dc200e24-ca5e-4336-bdba-6b2e65861584,yearningly.rentals,available,6.98,56.98,medium,low,10,namecheap,,,15/09/2026 12:56
d07817a2-0a81-456d-9cc5-2e56e2a3bb72,panels.rentals,available,10.99,44.49,medium,low,6,namesilo,,,19/09/2026 23:14
44a9449f-db8c-4242-9389-6c0442bd8dbc,altimeter.rentals,available,10.99,44.49,medium,low,9,namesilo,,,18/09/2026 14:58
b87587d0-c55c-4051-83c8-6b45c67b732c,wavell.rentals,available,10.99,44.49,medium,low,6,namesilo,,,20/09/2026 02:03
6ca3291f-aebd-4bac-a8dc-910a2270400e,concourse.rentals,available,14.99,,high,low,9,name.com,,,
36bb7b4a-501a-4a5f-9767-fbe99e2023b8,incomplete.rentals,available,6.98,56.98,high,low,10,namecheap,,,22/08/2026 01:53
84b5fe6e-2385-4825-bd88-771dc9c30de0,wilful.rentals,available,6.98,56.98,medium,low,6,namecheap,,,18/08/2026 16:39
a825aa89-b797-47c7-a4c4-ce8a645e60d5,clog.rentals,available,6.98,56.98,high,low,4,namecheap,,,24/09/2026 15:50
354b19ac-3f12-4dc2-be49-c45e339b6d8d,peppery.rentals,available,6.98,56.98,medium,low,7,namecheap,,,08/09/2026 15:37
bc706d90-f7a6-44c6-b7a2-fecdbfbfded5,shoppers.rentals,available,6.98,56.98,high,low,8,namecheap,,,20/09/2026 20:14
d3677707-555a-461e-ae9a-0aab29c1695f,impulsive.rentals,available,6.98,56.98,high,low,9,namecheap,,,11/08/2026 01:34
3f269742-9207-493c-acce-6198d0a8c1e3,effective.rentals,available,6.98,56.98,high,low,9,namecheap,,,24/09/2026 13:31
b0d93cbc-e752-488a-b038-64303db99e46,aspirant.rentals,available,6.98,56.98,medium,low,8,namecheap,,,07/08/2026 05:02
ada45472-8ac2-4453-b4f8-5ef6658171e5,earhart.rentals,available,6.98,56.98,medium,low,7,namecheap,,,18/09/2026 18:17
8c1c3f4c-8ebd-4156-9c8d-857bef815bf1,colours.rentals,available,14.99,,high,low,7,name.com,,,
0e78f866-dfda-46e4-95bb-a23d0039ddde,blogs.rentals,available,6.98,56.98,medium,low,5,namecheap,,,20/09/2026 05:52
8bf1753f-1d3f-4d7c-b9a0-3a00525837bd,fearfully.rentals,available,6.98,56.98,medium,low,9,namecheap,,,14/09/2026 18:04
1dc84b41-c211-440a-a2e3-a003e1d2a84f,aalto.rentals,available,10.99,44.49,high,low,5,namesilo,,,16/09/2026 13:16
b733d99e-4188-41d4-9841-e3cb3c33465b,engagement.rentals,available,10.99,44.49,high,low,10,namesilo,,,25/09/2026 10:18
feaf72d8-6c55-479a-8699-1ad3cdb27f64,hebridean.rentals,available,6.98,56.98,medium,low,9,namecheap,,,21/08/2026 05:45
8c5581da-6458-4223-8a3d-6c2c3202e6b9,vibrant.rentals,available,6.98,56.98,high,low,7,namecheap,,,13/09/2026 05:05
47443d7f-3110-4d29-bf2f-6474e0503114,candent.rentals,available,6.98,56.98,medium,low,7,namecheap,,,11/08/2026 16:37
7d0f0282-ad00-4fbf-a14f-d8bf7c717dd2,conference.rentals,resell,,,high,low,10,"GoDaddy.com, LLC",02/06/2014 20:00,02/06/2027 20:00,26/09/2026 05:11
fee86846-2897-40b1-8a58-aeafe3f96953,lackey.rentals,available,10.99,44.49,medium,low,6,namesilo,,,20/09/2026 15:38
9800eb98-99b3-41a8-a92f-228321d22283,lang.rentals,available,14.99,,high,low,4,name.com,,,
d89276d5-baee-4832-821a-629dafcdc744,cookie.rentals,available,14.99,,high,low,6,name.com,,,
1cfb1916-48a5-41ad-8107-5deec329c3f6,powdery.rentals,available,6.98,56.98,medium,low,7,namecheap,,,18/08/2026 04:39
48df5df2-f85d-4766-baf8-08102227dc9c,neonate.rentals,available,6.98,56.98,medium,low,7,namecheap,,,03/09/2026 16:44
69f645f6-197a-4222-ba34-a52c63e2d464,sheet.rentals,available,14.99,,high,low,5,name.com,,,
4a5c3b79-4621-4497-aced-f8808e7ecaac,andvari.rentals,available,10.99,44.49,medium,low,7,namesilo,,,19/09/2026 05:02
146fe6a1-1510-41de-84dc-3ff894ce087f,dilettante.rentals,available,6.98,56.98,medium,low,10,namecheap,,,14/08/2026 07:38
fade496c-51eb-4eaf-ada2-40d8512e5f70,untasted.rentals,available,6.98,56.98,medium,low,8,namecheap,,,12/09/2026 21:05
2f6a7078-f72c-42c8-b9cc-fefd6ea94be0,navigation.rentals,available,6.98,56.98,high,low,10,namecheap,,,10/09/2026 00:36
0d88eb5d-67b1-4fd2-828f-4ab150caa305,alderfly.rentals,available,6.98,56.98,medium,low,8,namecheap,,,18/09/2026 04:32
dca58cb3-2b68-41b3-bde5-d594f471200b,contest.rentals,available,14.99,,high,low,7,name.com,,,
f9703b2a-05b8-437c-8d4c-4784c6c6a078,phobic.rentals,available,6.98,56.98,medium,low,6,namecheap,,,08/09/2026 18:56
7d9f94c9-772c-4b28-a34e-dd11a2abec50,bsarch.rentals,available,10.99,44.49,medium,low,6,namesilo,,,21/09/2026 14:16
c0de7c8e-eb61-4625-8fb7-dd9c513cad65,photograph.rentals,available,10.99,44.49,high,low,10,namesilo,,,26/09/2026 00:03
88aa5cbb-7d54-43d5-84ff-ca2137935a8a,idle.rentals,available,6.98,56.98,high,low,4,namecheap,,,08/08/2026 21:52
b0a712a2-e652-48f3-9cc5-237ff1e29ed1,capt.rentals,available,10.99,44.49,high,low,4,namesilo,,,25/09/2026 12:23
593f1feb-47dd-4d4a-b146-523872ce29c2,excision.rentals,available,10.99,44.49,medium,low,8,namesilo,,,16/09/2026 16:06
f3bb8113-e17f-4f78-bb43-e82ddc70b920,jut.rentals,available,6.98,56.98,medium,low,3,namecheap,,,22/08/2026 14:56
39c9e292-5256-4869-84bb-f7a17083bb29,storyboards.rentals,available,10.99,44.49,medium,low,11,namesilo,,,20/09/2026 14:39
a23d757a-1836-4156-8823-fc594b4b1e0e,vanquish.rentals,available,6.98,56.98,high,low,8,namecheap,,,09/08/2026 05:32
09769353-707b-4bf8-a95e-ad7526d331e8,sapid.rentals,available,6.98,56.98,medium,low,5,namecheap,,,18/08/2026 07:14
77fcfef1-bb3d-4806-9c71-d7f69fcca93f,bullheaded.rentals,available,6.98,56.98,medium,low,10,namecheap,,,11/08/2026 08:30
0465d9c9-50fa-4eea-8ee4-7b9a6e76234c,analects.rentals,available,10.99,44.49,medium,low,8,namesilo,,,19/09/2026 01:48
bc3ce06d-df70-40fd-9c5a-156a278086ec,overturned.rentals,available,6.98,56.98,medium,low,10,namecheap,,,04/09/2026 21:55
b9ccd4b6-b141-441b-b125-c3559be4b739,debate.rentals,available,10.99,44.49,high,low,6,namesilo,,,24/09/2026 05:29
e760514d-95f9-41a2-b0a6-cd1954fb858f,hackneyed.rentals,available,6.98,56.98,medium,low,9,namecheap,,,08/08/2026 10:56
a83c3070-e292-41ba-881d-99b9eb8c779b,advisedly.rentals,available,6.98,56.98,medium,low,9,namecheap,,,13/09/2026 17:38
79ef2fd7-9a24-4209-b582-d4fe21372259,aditi.rentals,available,6.98,56.98,medium,low,5,namecheap,,,17/09/2026 08:22
8118f245-5eab-444a-b5fe-2e979fd4e029,humdrum.rentals,available,6.98,56.98,medium,low,7,namecheap,,,21/08/2026 15:05
11dee4a1-ee8f-4a0a-b1e7-8ac7b49df004,squandered.rentals,available,6.98,56.98,medium,low,10,namecheap,,,10/09/2026 17:24
df87230d-f45c-4884-8f4c-109e19d6291d,dead.rentals,available,6.98,56.98,high,low,4,namecheap,,,24/09/2026 04:40
f89fe545-419e-4a87-a70e-f5bd3c62ef2c,topless.rentals,available,6.98,56.98,medium,low,7,namecheap,,,08/08/2026 18:33
17e37a31-6eca-43b6-a1cc-b16391b2fe9c,moire.rentals,available,6.98,56.98,medium,low,5,namecheap,,,25/08/2026 03:26
3d837cdb-2402-4dee-b4e7-e9c219589620,abrogation.rentals,available,11.99,58.99,medium,low,10,name.com,,,16/09/2026 17:14
bce60acb-5610-4174-8945-fd41f9ce89bb,forensic.rentals,available,6.98,56.98,high,low,8,namecheap,,,08/09/2026 15:50
79b25de8-152f-4d21-ae79-822f184247cc,ungroomed.rentals,available,6.98,56.98,low,low,9,namecheap,,,12/09/2026 11:34
f182d0e6-93c0-4f90-a86f-010a8741e42c,disruptive.rentals,available,6.98,56.98,medium,low,10,namecheap,,,14/08/2026 12:21
cd21898c-bcbb-4cf9-a708-b5ffd038e87a,threepenny.rentals,available,6.98,56.98,high,low,10,namecheap,,,10/09/2026 09:08
c2955db1-0e3c-4194-bb14-a96bb7aad3dd,lois.rentals,available,6.98,56.98,medium,low,4,namecheap,,,25/09/2026 15:30
e1710b12-a4e8-4c75-bda9-86529421dd0e,tandem.rentals,available,6.98,56.98,high,low,6,namecheap,,,15/09/2026 06:56
c39aa0ea-64f1-4805-9044-4ebda3055902,visible.rentals,available,14.99,,high,low,7,name.com,,,
854cbc24-b79e-4f8d-bb8e-eb4b282b93e3,sonar.rentals,available,10.99,44.49,high,low,5,namesilo,,,20/09/2026 13:30
528c58e8-164e-4e00-834c-30b39e396626,deductible.rentals,available,6.98,56.98,high,low,10,namecheap,,,13/08/2026 22:27
3861104e-cf40-412b-b8f9-9b2d4e8014b5,coexistent.rentals,available,6.98,56.98,medium,low,10,namecheap,,,12/08/2026 15:30
8c5f9561-4f31-4cf0-8370-818518863489,targets.rentals,available,10.99,44.49,medium,low,7,namesilo,,,18/09/2026 15:18
792b1ff7-0131-4eef-a01e-bab4c539b76e,zealously.rentals,available,6.98,56.98,medium,low,9,namecheap,,,16/09/2026 11:50
d421803e-ca9e-463e-b6c0-761bf87054ad,monophonic.rentals,available,6.98,56.98,medium,low,10,namecheap,,,25/08/2026 04:55
8ee66c71-0e9f-455a-81b7-c8f68da7ff3f,advertised.rentals,available,6.98,56.98,medium,low,10,namecheap,,,
d7903cf3-23a5-4b58-b88d-583518ae70a0,amperage.rentals,available,6.98,56.98,medium,low,8,namecheap,,,18/09/2026 23:07
e7c03bff-2936-4875-9889-ebf1c09cb3a8,wagram.rentals,available,10.99,44.49,medium,low,6,namesilo,,,22/09/2026 16:18
1aee62d6-d8a8-4984-9765-da0456b89999,ravenna.rentals,available,10.99,44.49,medium,low,7,namesilo,,,22/09/2026 15:51
8abb42ca-479d-4e5e-8655-fa80117ff34f,capability.rentals,available,10.99,44.49,high,low,10,namesilo,,,24/09/2026 12:11
f8968cf9-3145-4b66-8520-641e8411bcb5,prodigal.rentals,available,6.98,56.98,high,low,8,namecheap,,,09/09/2026 02:36
7df3b8a1-3e8d-4188-966d-f3ffad78a98c,deviate.rentals,available,6.98,56.98,high,low,7,namecheap,,,
b67d43f7-39ee-4d01-96b5-4f2486cfeb13,management.rentals,premium,242,242,high,low,10,namesilo,,,19/09/2026 14:24
b97f6a2d-7b99-4f6a-b01d-3d01140341d1,brushy.rentals,available,6.98,56.98,medium,low,6,namecheap,,,10/08/2026 20:19
e9568e70-0191-4d8b-921f-9c2ccc244a3d,squatty.rentals,available,6.98,56.98,medium,low,7,namecheap,,,24/08/2026 10:38
ac80286d-1f7f-4c78-bd21-ac1739fd6c7b,gjo.rentals,available,10.99,44.49,medium,low,4,namesilo,,,17/09/2026 05:37
df46f4f3-ad29-42f2-9486-8659ac7f5923,mucky.rentals,available,6.98,56.98,medium,low,5,namecheap,,,10/08/2026 17:06
3c978659-5dde-48dd-b459-9395f88c3ccb,germicide.rentals,available,6.98,56.98,high,low,9,namecheap,,,
3ce8a330-bd2a-424c-b957-dc628e4e6eaa,footle.rentals,available,6.98,56.98,medium,low,6,namecheap,,,11/09/2026 08:27
48db2693-2b5d-4259-85f3-d716626a1f08,correlate.rentals,available,10.99,44.49,high,low,9,namesilo,,,23/09/2026 23:49
c7355ce9-8544-4cf2-85ca-985e4f15ccf2,vitalizing.rentals,available,6.98,56.98,high,low,10,namecheap,,,23/08/2026 01:35
1b9eb2e8-3971-49f2-8746-abccebf17868,overriding.rentals,available,6.98,56.98,high,low,10,namecheap,,,04/09/2026 21:39
758a9f27-e8bc-471b-943e-9fc5a467e362,striking.rentals,available,14.99,,high,low,8,name.com,,,
bc4c03fa-edda-4ddb-9da0-eaba0c9ee2dd,orca.rentals,available,14.99,,high,medium,4,name.com,,,
f45cd5aa-1dce-4991-929e-226c3fc474d0,banked.rentals,available,14.99,,medium,low,6,name.com,,,
6947d738-a142-4a52-a913-06388dd3e654,bumpkin.rentals,available,6.98,56.98,medium,low,7,namecheap,,,21/08/2026 08:07
bd3adf33-3172-4aa7-9c30-7615c1ad2989,addendum.rentals,available,10.99,44.49,high,low,8,namesilo,,,17/09/2026 06:41
c39d8a7a-2bcf-4bd6-a583-2a53cac77407,bubbling.rentals,available,6.98,56.98,high,low,8,namecheap,,,11/08/2026 07:15
62b00ed3-e5b4-4c8f-8407-c3843f6baead,theorize.rentals,available,10.99,44.49,high,low,8,namesilo,,,24/09/2026 17:19
942930ee-cc24-43b9-8e2b-604404738130,abstruse.rentals,available,6.98,56.98,medium,low,8,namecheap,,,
783f6ce3-2422-4c4c-88b6-752de5d84998,austerlitz.rentals,available,10.99,44.49,medium,low,10,namesilo,,,21/09/2026 04:41
346a4992-7d3d-4453-b950-910c1b035e85,users.rentals,available,6.98,56.98,medium,low,5,namecheap,,,17/09/2026 23:19
c2b1dd5d-e48a-4772-beac-9d67e3a4c155,halfway.rentals,available,6.98,56.98,high,low,7,namecheap,,,11/08/2026 23:56
790ca3a1-8936-417d-9e01-4aec749b716d,outdoors.rentals,resell,,,high,low,8,IONOS SE,08/08/2014 12:48,08/08/2027 12:48,26/09/2026 07:57
e9e90c8e-5cb3-441e-8dc8-81c4bf503743,poitiers.rentals,available,10.99,44.49,medium,low,8,namesilo,,,22/09/2026 15:48
67cff924-b349-4a4f-9afb-ea26de4c1301,happily.rentals,available,14.99,,high,low,7,name.com,,,
43fe572b-18e8-407f-b65e-84df3453ec08,bar.rentals,premium,242,242,high,low,3,namesilo,,,
9c3e50b8-0880-41d7-a43d-1957fb38e245,upstairs.rentals,available,14.99,,high,low,8,name.com,,,
87ae75e0-d360-49aa-ba56-334326a611ae,alchemist.rentals,available,10.99,44.49,high,low,9,namesilo,,,18/09/2026 03:58
8c54d7f2-b075-45c4-af3c-7e6a20307424,passim.rentals,available,6.98,56.98,medium,low,6,namecheap,,,15/09/2026 19:07
138cb26e-2aec-4f3e-8f6f-63ff549eafc5,expose.rentals,available,14.99,,high,low,6,name.com,,,
a6cf3790-643a-469f-945c-a756c245e15d,gari.rentals,available,10.99,44.49,high,low,4,namesilo,,,23/09/2026 22:55
64d5ed8f-6247-4cf8-afdf-9606612fd999,metaphoric.rentals,available,6.98,56.98,high,low,10,namecheap,,,24/08/2026 21:45
ee568a18-5f3d-42d0-9d52-7cca4a2c4b0d,aneurism.rentals,available,10.99,44.49,medium,low,8,namesilo,,,19/09/2026 05:43
b2a5c94a-53ab-4470-bc60-91c0113d7303,relapse.rentals,available,14.99,,high,low,7,name.com,,,
c559cf90-fea6-4127-93b0-31fa3f473da2,peerless.rentals,available,6.98,56.98,high,low,8,namecheap,,,24/08/2026 17:04
87740188-731a-48e1-b406-a136c3fc8070,disease.rentals,available,14.99,,high,low,7,name.com,,,
f0a2bb73-e60e-402e-b04f-7b3180995458,lxi.rentals,available,6.98,56.98,medium,low,3,namecheap,,,
52bb8bbd-50c3-424a-a7b4-0824c6d0a63a,nonlinear.rentals,available,6.98,56.98,high,low,9,namecheap,,,03/09/2026 19:44
7ba4e6f4-0ab5-4420-91a5-a526eb5f03d1,bean.rentals,available,14.99,,high,low,4,name.com,,,
d664842f-fd7b-4c54-9833-5c1b09e09625,contextual.rentals,available,6.98,56.98,high,low,10,namecheap,,,12/08/2026 23:13
3c427b89-ac6f-44f4-a078-6756203f4945,slenderize.rentals,available,6.98,56.98,medium,low,10,namecheap,,,10/09/2026 10:53
e924b479-288e-4786-b899-269a3dff9ffb,pictorials.rentals,available,10.99,44.49,medium,low,10,namesilo,,,20/09/2026 12:53
18d7491c-3de2-4800-b126-6907c766659a,repel.rentals,available,14.99,,high,low,5,name.com,,,
e22baffb-99b3-47fa-8e87-ca93cd49d865,barnes.rentals,available,6.98,56.98,high,low,6,namecheap,,,25/09/2026 21:08
0b008062-a0f0-479c-9eb0-60e78f16b389,peacock.rentals,available,,,high,high,7,,,,
fc26716b-27f3-4bd0-b55f-1f0d4926b4de,obdurate.rentals,available,6.98,56.98,medium,low,8,namecheap,,,13/08/2026 12:15
625a6ffa-9834-41d1-9c20-881ca32dc2e2,subsidiaries.rentals,available,10.99,44.49,medium,low,12,namesilo,,,20/09/2026 06:35
67409529-0ad1-43ff-b772-183b82bdbbed,actuated.rentals,available,6.98,56.98,medium,low,8,namecheap,,,
63d1fa7e-6b9f-4225-bde0-8be0316099e9,elephant.rentals,available,10.99,44.49,high,low,8,namesilo,,,25/09/2026 22:36
2980e32b-40cc-4a8a-a13b-e357080a774d,neville.rentals,available,6.98,56.98,high,low,7,namecheap,,,25/09/2026 18:10
69ce977c-db84-43a9-acf5-91c16acc7461,arrack.rentals,available,10.99,44.49,medium,low,6,namesilo,,,19/09/2026 23:47
8c0716e5-c43c-413f-a0f8-75eb1d5bff45,compliance.rentals,available,10.99,44.49,high,low,10,namesilo,,,23/09/2026 15:36
addb57bd-bb2c-43dd-9a98-6fe7cc6a7960,vex.rentals,available,10.99,44.49,high,low,3,namesilo,,,21/09/2026 17:27
ed391882-246f-4730-98e3-91af6cfe69fd,comforted.rentals,available,6.98,56.98,high,low,9,namecheap,,,23/09/2026 15:14
12e0cfa9-3a65-4466-af1a-f63774654648,wherever.rentals,available,10.99,44.49,medium,low,8,namesilo,,,16/09/2026 11:29
206bad99-3c87-48da-9509-94eef2197210,blood.rentals,available,14.99,,high,low,5,name.com,,,
97008dd9-88c5-4bda-ada8-87d3200f3a28,toothy.rentals,available,6.98,56.98,medium,low,6,namecheap,,,11/09/2026 17:20
e90858ed-b133-4dd2-9585-691f22275ce4,archival.rentals,available,6.98,56.98,high,low,8,namecheap,,,06/08/2026 15:53
27ab3feb-9589-4777-b548-9a564e966487,amnio.rentals,available,10.99,44.49,medium,low,5,namesilo,,,18/09/2026 22:23
af0478aa-dbd4-44f8-81a8-adf2c7f157f4,scaley.rentals,available,6.98,56.98,medium,low,6,namecheap,,,09/09/2026 22:18
046db9d6-2b37-4c68-85fc-5d7fb3b21a29,bigot.rentals,available,10.99,44.49,medium,low,5,namesilo,,,23/09/2026 15:20
c6107a64-4000-4037-a8fd-af40dca42901,alkali.rentals,available,10.99,44.49,high,low,6,namesilo,,,18/09/2026 08:16
2aceb26d-08fd-4d57-9e96-30e233419952,tractable.rentals,available,6.98,56.98,medium,low,9,namecheap,,,24/08/2026 15:10
369e593e-c94d-437b-86ed-301ad59cad5e,anhedonia.rentals,available,6.98,56.98,medium,low,9,namecheap,,,19/09/2026 07:46
37dd1b9a-d02b-4890-9bba-71bbc0027a78,coccoid.rentals,available,6.98,56.98,medium,low,7,namecheap,,,12/08/2026 14:41
bea482d6-c2b3-4686-8d2a-1cb96a2df1a0,phelps.rentals,available,6.98,56.98,high,low,6,namecheap,,,25/09/2026 18:39
fe98c17f-ea23-44fe-864d-dcf22fe74fed,friday.rentals,available,10.99,44.49,high,low,6,namesilo,,,25/09/2026 06:11
15cf6889-0830-415e-84af-f985aeb19285,lingo.rentals,available,6.98,56.98,high,low,5,namecheap,,,13/09/2026 04:12
91b8b08d-8fec-4dfe-9855-2209b335c157,olivier.rentals,available,10.99,44.49,high,low,7,namesilo,,,22/09/2026 07:16
fe03dbea-9dcf-4699-a992-1d2f4a554979,balaton.rentals,available,6.98,56.98,medium,low,7,namecheap,,,21/09/2026 21:18
869e382c-7328-4d31-a1ad-3dc000d6868c,tactically.rentals,available,10.99,44.49,medium,low,10,namesilo,,,16/09/2026 07:46
2e468750-a4f4-4ef7-bebc-2a15c0eaff2a,tide.rentals,available,14.99,,high,low,4,name.com,,,
8f2cb12b-5f9c-421f-9182-e6c58980a125,gracefully.rentals,available,6.98,56.98,high,low,10,namecheap,,,14/09/2026 21:54
ac98a076-4125-4f89-8170-474ab81fe89f,bleach.rentals,available,10.99,44.49,high,low,6,namesilo,,,24/09/2026 03:49
ea6be574-edb0-409b-a74c-31a7e704f197,alupent.rentals,available,10.99,44.49,medium,low,7,namesilo,,,18/09/2026 15:17
4f9da84b-949b-4df0-830d-16e8e1aba0fc,grey.rentals,available,6.98,56.98,high,low,4,namecheap,,,08/09/2026 07:08
b1f9e7fe-4f31-47a2-8ccf-758f612397ca,vedic.rentals,available,6.98,56.98,medium,low,5,namecheap,,,13/09/2026 01:37
c53bb93b-40f4-4bf8-a107-4f7a5efdf62a,amended.rentals,available,6.98,56.98,high,low,7,namecheap,,,
dec8b0fe-366c-4937-a772-6d9fd0d39ee1,later.rentals,available,10.99,44.49,high,low,5,namesilo,,,21/09/2026 22:11
09030fdf-bfbb-4c7f-9d20-fcf84053c994,undaunted.rentals,available,6.98,56.98,high,low,9,namecheap,,,12/09/2026 07:00
f5442444-b69c-4884-bff2-37c2a32be1b7,towards.rentals,available,14.99,,high,low,7,name.com,,,
28c273db-a36a-44ce-acca-4ecd8ee2b1da,unbarred.rentals,available,6.98,56.98,medium,low,8,namecheap,,,12/09/2026 01:34
a68ad04c-7960-405a-8398-a595779d6fcf,jules.rentals,available,10.99,44.49,high,low,5,namesilo,,,25/09/2026 15:01
914b1bb7-865d-4432-a34a-20bd32981d32,depends.rentals,available,6.98,56.98,medium,low,7,namecheap,,,25/09/2026 20:36
54670480-79f2-435c-a6ab-a72ae39a3270,ruined.rentals,available,14.99,,high,low,6,name.com,,,
6506c85f-449b-4ba1-a99d-6f4bd9f51462,tierce.rentals,available,6.98,56.98,medium,low,6,namecheap,,,
4821cb37-d902-417e-875c-e9bc85900f2d,ciliary.rentals,available,6.98,56.98,medium,low,7,namecheap,,,12/08/2026 08:04
da1bf0c3-aeb1-40cc-8f14-8bdfedad5d39,mellowly.rentals,available,6.98,56.98,medium,low,8,namecheap,,,24/08/2026 19:31
0c4f848c-741f-4e97-8ee5-e868180cbb7b,bandstand.rentals,available,10.99,44.49,high,low,9,namesilo,,,22/09/2026 01:32
bf66fc23-09b5-4ccb-a85e-e412bc7668df,agastache.rentals,available,10.99,44.49,medium,low,9,namesilo,,,17/09/2026 16:24
4d7792f1-4343-4aae-9fb8-cadb8125b8d8,keyboards.rentals,available,10.99,44.49,medium,low,9,namesilo,,,20/09/2026 13:46
cc09fbc1-8ee4-430e-852f-e1997658e86a,miscellany.rentals,available,6.98,56.98,high,low,10,namecheap,,,25/08/2026 08:20
98dfe1d5-6e95-44d3-a8c6-fa131fe35ee1,dependence.rentals,available,10.99,44.49,medium,low,10,namesilo,,,17/09/2026 06:54
9c4e2c9a-333d-4b16-b8fa-a37e7f5b4cf4,variably.rentals,available,10.99,44.49,medium,low,8,namesilo,,,16/09/2026 10:46
cb287204-6187-4598-8d48-1208a2c7ab76,fruitfully.rentals,available,6.98,56.98,high,low,10,namecheap,,,14/09/2026 20:27
547698dc-160f-4b51-88ce-1aa41216507f,allayer.rentals,available,10.99,44.49,medium,low,7,namesilo,,,18/09/2026 09:59
eb25b206-f385-44f9-8156-8c68cc67607c,playaround.rentals,available,10.99,44.49,medium,low,11,namesilo,,,17/09/2026 06:03
c0fbfa1c-43c5-4b4f-b90f-d9b53cb61b4a,pantie.rentals,available,6.98,56.98,medium,low,6,namecheap,,,09/09/2026 22:40
7a60bf64-ce27-4b25-b9dc-d90eed3b1e27,drafty.rentals,available,6.98,56.98,high,low,6,namecheap,,,14/08/2026 18:12
ee4f25c3-3885-4631-b384-7165cfdd0587,cook.rentals,premium,118.8,118.8,high,low,4,namesilo,,,
8d4a0ea7-5cec-447b-b088-75619da45612,inductive.rentals,available,6.98,56.98,high,low,9,namecheap,,,22/08/2026 03:29
e4442bd7-263d-4a1f-ae17-5b312b108048,hydroxy.rentals,available,6.98,56.98,medium,low,7,namecheap,,,21/08/2026 16:25
dcd12364-4357-4c36-88f9-da3d49a865fd,heal.rentals,available,14.99,,high,low,4,name.com,,,
390ab61a-8687-4b8c-ab99-638ee70c6443,nag.rentals,available,10.99,44.49,high,low,3,namesilo,,,24/09/2026 16:35
958c374f-bea7-478f-babe-609f803b33eb,breathing.rentals,available,6.98,56.98,high,low,9,namecheap,,,11/08/2026 03:18
ced7c51e-8b24-4272-abd7-976c2c688a8d,americas.rentals,premium,118.8,118.8,high,low,8,namesilo,,,
60d3bacb-60c3-4770-8b70-aa8da4eddd9f,effort.rentals,available,10.99,44.49,high,low,6,namesilo,,,23/09/2026 07:47
67648237-d723-4283-8416-ad8bff2d42dd,quite.rentals,available,14.99,,high,low,5,name.com,,,
06b33f8d-43d7-4197-bf91-e465f76e104b,blacktail.rentals,available,11.99,58.99,medium,low,9,name.com,,,23/09/2026 23:51
61e01ccf-63e6-4bf6-9974-ecd8decc2bb7,goods.rentals,available,14.99,,high,low,5,name.com,,,
7e003fb8-d023-492a-8d27-64e7f02a8acc,philippine.rentals,resell,,,high,low,10,"NameCheap, Inc.",10/12/2023 14:58,10/12/2026 14:58,26/09/2026 08:08
36efe481-eb84-48ac-a830-bf0625410229,tasting.rentals,available,14.99,,high,low,7,name.com,,,
b20c6595-6292-4846-ac45-3b38ccab0a4a,lure.rentals,available,6.98,56.98,high,low,4,namecheap,,,21/09/2026 19:43
0fd12fae-4773-4e3c-b182-3e7105a8c2ac,ballad.rentals,available,6.98,56.98,high,low,6,namecheap,,,22/08/2026 21:27
262fc590-807c-4edb-a016-7c76e1840d7b,nepali.rentals,available,6.98,56.98,high,low,6,namecheap,,,03/09/2026 15:37
bd033bae-cc78-4bd7-b335-de2bc49bc53e,wallace.rentals,available,6.98,56.98,high,low,7,namecheap,,,18/09/2026 06:43
10c14ba1-6be2-45ed-b63e-9d82c1ec9ac2,exterior.rentals,available,6.98,56.98,high,low,8,namecheap,,,17/08/2026 19:05
c2c3c82d-02e6-4901-b85b-e37bffa68f41,shirley.rentals,available,10.99,44.49,high,low,7,namesilo,,,25/09/2026 13:56
799a0674-0289-4409-819e-fe9de61b41b9,stellate.rentals,available,6.98,56.98,medium,low,8,namecheap,,,09/09/2026 09:34
7b7046f0-d3cb-4963-89ce-1cbb95f15a17,impending.rentals,available,6.98,56.98,high,low,9,namecheap,,,21/08/2026 20:59
9176f44d-1567-4b1c-a9e2-5e67ad4c8e05,tumultuous.rentals,available,6.98,56.98,medium,low,10,namecheap,,,14/08/2026 12:25
9d383131-c2d6-4738-8a4a-b26e52912df2,homemade.rentals,available,6.98,56.98,high,low,8,namecheap,,,21/08/2026 11:09
0f846316-4298-4137-b909-c78a00d700de,kickshaw.rentals,available,11.99,58.99,medium,low,8,name.com,,,13/08/2026 15:56
898b87c2-9f27-4303-947f-328a4d3b2c72,betoken.rentals,available,10.99,44.49,medium,low,7,namesilo,,,21/09/2026 03:31
e733b7bd-bef1-4ed2-a903-3c66977b785a,qatari.rentals,available,6.98,56.98,high,low,6,namecheap,,,22/08/2026 15:09
7cb6543a-b41d-4c56-9d53-deadeb2e0177,annie.rentals,available,6.98,56.98,high,low,5,namecheap,,,25/09/2026 18:17
a442e5a3-6018-4338-86a0-dd3f6beb82d5,heel.rentals,available,14.99,,high,low,4,name.com,,,
10764e42-ca4f-4ecf-86a4-3659e30fff19,dataflow.rentals,available,6.98,56.98,high,low,9,namecheap,,,04/09/2026 04:48
3d3616e2-621a-479c-be03-fa08b487e907,terminal.rentals,available,6.98,56.98,high,low,8,namecheap,,,08/09/2026 11:51
ce5f80cc-9ac9-4334-89ce-1dfdaa225edf,powell.rentals,premium,78.54,78.54,high,low,6,namesilo,,,25/09/2026 04:09
8c34aad4-d595-4188-931b-7c042435f704,folks.rentals,available,6.98,56.98,high,low,5,namecheap,,,24/09/2026 16:34
1ee08c2e-2449-4eb0-aaf6-bf17f8cc9b51,loving.rentals,available,6.98,56.98,high,low,6,namecheap,,,25/09/2026 14:30
37bd40c0-eab5-4485-9acf-601ff4aa7dad,cacophony.rentals,available,6.98,56.98,medium,low,9,namecheap,,,10/08/2026 13:13
2b75d1aa-14ee-4353-83d7-ff74acf86ff3,ophthalmic.rentals,available,6.98,56.98,medium,low,10,namecheap,,,04/09/2026 16:33
1952077a-97b0-4a5c-8cb6-0baeee9c30b0,guards.rentals,available,14.99,,high,low,6,name.com,,,
7c7a7985-8eb0-4242-bb1b-9bc7db0c73ea,sanious.rentals,available,6.98,56.98,medium,low,7,namecheap,,,21/08/2026 17:49
63574b73-40fa-4fdd-ab50-4a3fb95db922,relating.rentals,available,14.99,,high,low,8,name.com,,,
d56e7b47-aea7-4dc3-91a2-e5083c4f6a7c,interfaith.rentals,available,6.98,56.98,high,low,10,namecheap,,,22/08/2026 08:02
494dd6a6-0f93-452b-a497-7f7f4d1a23b9,sestet.rentals,available,6.98,56.98,medium,low,6,namecheap,,,
93d6a736-0654-4e6e-bef8-24360ef2d51f,enlarge.rentals,available,6.98,56.98,high,low,7,namecheap,,,15/08/2026 23:49
44fabbb3-3789-4dff-be8c-09d1583a8722,msg.rentals,available,14.99,,high,low,3,name.com,,,
a708a053-293c-4969-bbcc-5766e7070ced,norfolk.rentals,premium,78.54,78.54,high,low,7,namesilo,,,
6b89c3b1-371d-4122-aa04-9af760fb184b,blende.rentals,available,10.99,44.49,medium,low,6,namesilo,,,24/09/2026 05:43
35a1220e-3e8e-418f-86a4-2a942734972a,sterilised.rentals,available,6.98,56.98,medium,low,10,namecheap,,,10/09/2026 20:13
d272ccec-c889-426f-86b6-5c0a0fac175e,antlia.rentals,available,10.99,44.49,medium,low,6,namesilo,,,19/09/2026 15:21
3903fe17-7b9c-4878-8118-c6f3ca747a0c,momentum.rentals,available,10.99,44.49,high,medium,8,namesilo,,,25/09/2026 12:09
b15b9314-0789-4e44-a406-61eb36296ada,nowise.rentals,available,6.98,56.98,low,low,6,namecheap,,,15/09/2026 17:05
77b6dfe3-1858-4d30-9a77-42af8e50fee0,isolation.rentals,available,10.99,44.49,high,low,9,namesilo,,,24/09/2026 16:00
380e9804-c850-448a-a924-9c74053736a0,connor.rentals,available,10.99,44.49,high,low,6,namesilo,,,25/09/2026 15:29
7897f21a-c057-4065-ac29-3c25d54b6f80,exergonic.rentals,available,6.98,56.98,medium,low,9,namecheap,,,17/08/2026 17:06
63ca111c-eadf-4ba5-ba66-a8b287315a0f,abkhaz.rentals,available,6.98,56.98,high,low,6,namecheap,,,
7bfc9b47-555e-4fc8-bff8-f3bff5611f6a,agon.rentals,available,6.98,56.98,high,low,4,namecheap,,,17/09/2026 18:51
c3e10449-32e4-4bcf-a84e-fa09aad94c4e,inflowing.rentals,available,6.98,56.98,high,low,9,namecheap,,,22/08/2026 04:34
c140ffbf-1c1f-438a-a1cd-7e3c682fbe04,battered.rentals,available,6.98,56.98,medium,low,8,namecheap,,,22/09/2026 18:12
aadaa2d5-8f40-4a50-a624-074bf25c0c54,eugenic.rentals,available,6.98,56.98,medium,low,7,namecheap,,,17/08/2026 14:11
fbf8c388-a40c-46a3-90ae-449ec7eb1485,indirectly.rentals,available,6.98,56.98,medium,low,10,namecheap,,,15/09/2026 07:58
64d0a607-0926-4c9e-b073-dd0c15fdbb01,african.rentals,premium,118.8,118.8,high,low,7,namesilo,,,
930bbb5c-f225-4212-b1cc-fe5227322d6a,present.rentals,available,6.98,56.98,high,low,7,namecheap,,,25/09/2026 04:02
94d623d0-846a-4b97-8a42-4273c8971ea4,unthought.rentals,available,6.98,56.98,medium,low,9,namecheap,,,12/09/2026 12:35
493a00d5-2be5-4d6d-98f0-67d2e21735e9,omit.rentals,available,14.99,,high,low,4,name.com,,,
e4123a6a-d321-4ad9-8889-bee449cdbc0a,island.rentals,resell,,,high,low,6,"Spaceship, Inc.",23/03/2025 19:44,23/03/2027 19:44,26/09/2026 06:57
e321746d-0fb3-40e5-9a30-4ea2710188a1,identifier.rentals,available,14.99,,high,low,10,name.com,,,
92de5cbd-55b8-4bdd-9b1d-64a542ccdf29,endoergic.rentals,available,6.98,56.98,medium,low,9,namecheap,,,17/08/2026 01:08
e012da78-8173-4b68-9ecd-c77322c95b98,quickest.rentals,available,6.98,56.98,medium,low,8,namecheap,,,14/09/2026 17:48
b0923e30-074a-4f78-84c8-9289ade2b3c5,bell.rentals,premium,118.8,118.8,high,low,4,namesilo,,,
a0b1b7df-66d6-448b-a49e-c57ed7e5f69b,addiction.rentals,available,10.99,44.49,high,low,9,namesilo,,,17/09/2026 06:53
4f1a527d-d33e-4323-9c7d-81875dbb8fd2,chemist.rentals,available,10.99,44.49,high,low,7,namesilo,,,19/09/2026 19:39
9aa107a2-5347-4e8f-a8cf-00ed89eeb9e1,anterior.rentals,available,6.98,56.98,high,low,8,namecheap,,,
b634e6ab-ca96-4226-954f-9715986e4171,monoatomic.rentals,available,6.98,56.98,medium,low,10,namecheap,,,25/08/2026 04:18
360e2c27-133a-4257-b0d3-d6e71469f285,yank.rentals,available,6.98,56.98,high,low,4,namecheap,,,13/09/2026 14:14
72058d33-4cb7-45c8-aafe-849ba174f148,honcho.rentals,available,6.98,56.98,high,low,6,namecheap,,,10/08/2026 20:40
d9cf6e56-743f-477f-a92b-dbf2030574bb,markets.rentals,premium,118.8,118.8,high,low,7,namesilo,,,23/09/2026 06:42
ac4f8abd-58ee-487b-946a-ff668250d08e,uncomfortably.rentals,available,14.99,,low,low,13,name.com,,,
fba45f66-ede0-4396-afbb-c396e1ba30d6,altruism.rentals,available,14.99,,high,low,8,name.com,,,
eeb7ab00-dca2-4ec4-8d06-fdf628a7006a,advertizer.rentals,available,10.99,44.49,medium,low,10,namesilo,,,17/09/2026 08:39
85c5106c-db69-4591-9248-854a4b002426,numb.rentals,available,6.98,56.98,medium,low,4,namecheap,,,22/09/2026 19:39
a4d3184f-d140-4fa8-815c-9239607cd278,abulia.rentals,available,10.99,44.49,medium,low,6,namesilo,,,16/09/2026 16:41
953ebb54-3494-4d7f-8d31-82a7a0f43d5e,distaff.rentals,available,6.98,56.98,medium,low,7,namecheap,,,14/08/2026 13:01
3640740e-b344-4b9a-bac0-98d88d125208,prow.rentals,available,6.98,56.98,medium,low,4,namecheap,,,18/08/2026 11:28
0749a944-819a-4967-881e-d8b1ef88e294,sterilization.rentals,available,6.98,56.98,high,low,13,namecheap,,,16/09/2026 21:54
9c9cc712-cf4f-47a9-9eee-7fa68fb4fa8b,fledgeling.rentals,available,6.98,56.98,high,low,10,namecheap,,,18/08/2026 07:32
517e0000-82f1-477a-aef5-25d74e1e6be1,barde.rentals,available,10.99,44.49,medium,low,5,namesilo,,,22/09/2026 05:12
0124a2a3-9f79-485f-b39d-cedaa8d44623,inmate.rentals,available,6.98,56.98,high,low,6,namecheap,,,24/09/2026 18:00
7724a7f2-5e6e-4650-808a-4f98ca017ee7,dwarf.rentals,available,6.98,56.98,medium,low,5,namecheap,,,24/08/2026 22:31
0c02ef80-4dd1-4db2-81cf-cec0f7004ee7,acropolis.rentals,available,6.98,56.98,high,low,9,namecheap,,,17/09/2026 03:57
e7e943e6-9654-4aa6-bf78-64d696dc6f2f,jihadi.rentals,available,6.98,56.98,medium,low,6,namecheap,,,22/08/2026 13:21
444b7ef5-3674-4fef-88e1-853b715ecb4c,spastic.rentals,available,6.98,56.98,medium,low,7,namecheap,,,13/08/2026 00:06
cd005917-a703-4fc4-88bd-189038e6ca68,enticing.rentals,available,10.99,44.49,high,low,8,namesilo,,,22/09/2026 01:41
a4fa1782-9025-4dbf-907f-85c115dc5d74,ruthenium.rentals,available,10.99,44.49,medium,low,9,namesilo,,,20/09/2026 23:08
78a3a9c5-8d5e-4a8d-bef4-65814643ba8c,fatless.rentals,available,6.98,56.98,medium,low,7,namecheap,,,17/08/2026 23:27
01f5eaa7-cd00-409f-8329-9646afb7f179,credulous.rentals,available,6.98,56.98,medium,low,9,namecheap,,,13/08/2026 05:56
914e6e10-0c3c-495c-873c-821d1aea5efc,unadvised.rentals,available,6.98,56.98,medium,low,9,namecheap,,,21/08/2026 18:49
070b0ec0-ede9-44a5-a4e3-8fa58fb8d2f8,wobbling.rentals,available,6.98,56.98,medium,low,8,namecheap,,,13/09/2026 12:52
f0205a51-7bdf-42bf-8c26-533e290ec3ac,smilax.rentals,available,6.98,56.98,medium,low,6,namecheap,,,20/09/2026 14:41
c94aa4ad-484c-4547-a216-e5d91b09af66,flustered.rentals,available,6.98,56.98,medium,low,9,namecheap,,,18/08/2026 09:29
943b2a52-b1b1-43c3-9f87-011e8f2440c8,jehovah.rentals,available,6.98,56.98,high,low,7,namecheap,,,
c0a04b50-b249-4dc5-b1fe-19cd2e031563,apologia.rentals,available,6.98,56.98,medium,low,8,namecheap,,,19/09/2026 18:44
15e7b627-6a9e-44bc-b480-7f847c6b4b70,banal.rentals,available,10.99,44.49,medium,low,5,namesilo,,,22/09/2026 16:37
680b4605-c354-4779-a926-0e0e325663c1,nicene.rentals,available,6.98,56.98,high,low,6,namecheap,,,03/09/2026 17:01
8c0bc83d-0e0d-42d3-8265-2557f2a5b10b,oxford.rentals,premium,118.8,118.8,high,low,6,namesilo,,,
abb3313e-0daf-4d99-8a94-5c2ce45939e4,dinner.rentals,available,14.99,,high,low,6,name.com,,,
81088445-693d-4632-93ba-5a195c372a27,alcove.rentals,available,10.99,44.49,high,low,6,namesilo,,,18/09/2026 04:11
d83402f8-2424-4952-9760-c905b3d489aa,footling.rentals,available,6.98,56.98,medium,low,8,namecheap,,,18/08/2026 03:30
481910d5-8cbd-4b5d-b6ad-14e1799462c8,chimp.rentals,available,10.99,44.49,high,low,5,namesilo,,,24/09/2026 14:40
2b05a0d1-599f-4eea-9e2e-0336b1af2df6,jowly.rentals,available,6.98,56.98,medium,low,5,namecheap,,,14/08/2026 16:48
143a1959-c583-476e-a4c7-2673faa4e5b8,multilane.rentals,available,6.98,56.98,medium,low,9,namecheap,,,03/09/2026 10:43
4bdc5e1a-274b-4662-9719-e64bc69448b5,corded.rentals,available,6.98,56.98,medium,low,6,namecheap,,,13/08/2026 00:57
ed28a36d-a183-4287-8ac6-f062f669dce5,encouraging.rentals,available,14.99,,high,low,11,name.com,,,
79b4bb5e-4e07-4cb5-824b-896d3c632b98,dulcet.rentals,available,6.98,56.98,high,low,6,namecheap,,,14/08/2026 20:59
803afeba-64ed-4f80-813c-b52752b0fd7a,withdrawal.rentals,available,10.99,44.49,high,low,10,namesilo,,,21/09/2026 15:22
e1a86c78-50af-4372-8386-578e00157754,cairo.rentals,premium,242,242,high,low,5,namesilo,,,
b7a1f9d9-5b0f-4983-ae22-86a94d8c82eb,tantrum.rentals,available,6.98,56.98,high,low,7,namecheap,,,18/08/2026 05:41
b2644d42-805e-4a33-91db-46616190198f,jena.rentals,available,10.99,44.49,medium,low,4,namesilo,,,22/09/2026 15:18
3c618305-58cf-475c-ba80-edd2751a0ab2,bedamn.rentals,available,11.99,58.99,medium,low,6,name.com,,,13/08/2026 16:21
6ba803a4-b475-4bd8-b983-f0760136bf6b,curtly.rentals,available,6.98,56.98,medium,low,6,namecheap,,,14/09/2026 10:10
5aa6460a-84b0-4673-a012-53149373b992,admittedly.rentals,available,6.98,56.98,medium,low,10,namecheap,,,11/09/2026 20:31
bb452c77-8c3f-4c3c-88f5-162f81452ecf,saving.rentals,available,14.99,,high,low,6,name.com,,,
c2907e9d-b0d6-4572-a1b8-e0b9afb6e89c,batfish.rentals,available,10.99,44.49,medium,low,7,namesilo,,,22/09/2026 13:14
4147ae82-1a18-40c0-a4b4-ce499a5b82b0,collar.rentals,available,10.99,44.49,high,low,6,namesilo,,,20/09/2026 09:02
32ba6300-2b54-4400-93d9-0d4be6545096,pulled.rentals,available,14.99,,high,low,6,name.com,,,
adc21f4a-69fd-4259-9be3-d617a91ce2cc,oncoming.rentals,available,6.98,56.98,high,low,8,namecheap,,,04/09/2026 14:27
0b1a3cc1-0f4c-4fd4-be5d-972225f21843,volary.rentals,available,10.99,44.49,medium,low,6,namesilo,,,21/09/2026 09:24
a7aaa0e0-5d55-46b9-8c0c-349969f535f8,cuboid.rentals,available,6.98,56.98,medium,low,6,namecheap,,,13/08/2026 09:58
0e826000-0ea5-4da6-a4c1-d49fe4d52f53,ballet.rentals,available,10.99,44.49,high,low,6,namesilo,,,21/09/2026 22:51
16b00a51-27ad-42b4-aa7d-3b83e5cc93f1,roger.rentals,available,14.99,,high,low,5,name.com,,,
2b9ed65d-bbae-42a9-a425-8a9ad875c16c,gull.rentals,available,6.98,56.98,high,low,4,namecheap,,,12/08/2026 15:08
dba7f35a-f70d-436a-b2fe-d91ce6564570,break.rentals,available,10.99,44.49,high,low,5,namesilo,,,22/09/2026 17:01
ef1de66b-d492-450f-8fdc-9e37b8aa00d0,peiping.rentals,available,6.98,56.98,medium,low,7,namecheap,,,23/09/2026 04:16
77507995-d872-4f00-8dd9-c8bf22db78e1,adhesive.rentals,available,6.98,56.98,high,low,8,namecheap,,,
47ac81e1-e93c-4bf0-b998-308712930793,accrued.rentals,available,6.98,56.98,high,low,7,namecheap,,,
7ca064ae-1a4a-4d52-b883-9fee5b62b4eb,broody.rentals,available,6.98,56.98,medium,low,6,namecheap,,,11/08/2026 05:54
85fc1ef2-6231-4cc2-be7b-2e12d69c376c,insensible.rentals,available,6.98,56.98,medium,low,10,namecheap,,,22/08/2026 06:47
b117da12-ee31-41c8-b1d8-ba039712fd34,abilities.rentals,available,10.99,44.49,high,low,9,namesilo,,,17/09/2026 04:45
22fe4748-f29a-4dec-a6f9-40f75114171c,enteral.rentals,available,6.98,56.98,medium,low,7,namecheap,,,17/08/2026 09:55
d1c5ca2d-73d4-4e5d-a861-edcce79b26cd,altar.rentals,available,10.99,44.49,high,low,5,namesilo,,,18/09/2026 14:32
75f0f0e1-2433-477a-8314-178886dfc610,easter.rentals,available,10.99,44.49,high,low,6,namesilo,,,24/09/2026 13:11
56a6dda5-70f8-4cee-b5c5-f7e3334e86c7,approaching.rentals,available,10.99,44.49,high,low,11,namesilo,,,25/09/2026 11:21
663700b8-6e39-4031-8edd-07946ca2810e,luck.rentals,available,14.99,,high,low,4,name.com,,,
b00f0e40-4064-40cf-a193-6848c194fbf7,pogge.rentals,available,6.98,56.98,medium,low,5,namecheap,,,17/09/2026 19:01
42e1e037-5f1c-4f81-9ab1-748c71f5b583,bragging.rentals,available,6.98,56.98,medium,low,8,namecheap,,,11/08/2026 00:54
405a7688-9cff-4073-b48f-230841ccaf2b,chasten.rentals,available,6.98,56.98,medium,low,7,namecheap,,,11/09/2026 07:42
405151cc-4aff-41a8-adb6-7dab9e28dd4e,mary.rentals,available,10.99,44.49,high,low,4,namesilo,,,24/09/2026 06:05
d772d2fb-e0ba-4b40-a7be-2d0501f30583,sheepdog.rentals,available,14.99,,high,low,9,name.com,,,
4d29cf8a-0589-4083-bb0f-df85fd351806,wrinkles.rentals,available,10.99,44.49,medium,low,8,namesilo,,,16/09/2026 13:02
a476f51a-2bfd-4bb6-80a2-76bd04b2e26a,strawberry.rentals,available,14.99,,high,low,10,name.com,,,
5333bb36-28b7-4962-ae6e-8e03a524e0a5,tells.rentals,available,10.99,44.49,medium,low,5,namesilo,,,18/09/2026 14:10
a8316a48-6661-404a-b4e1-757858d0ecd6,ordinate.rentals,available,6.98,56.98,high,low,8,namecheap,,,12/08/2026 22:29
8ae2be0e-e05e-439f-92d6-7d2ccbeb143f,surprise.rentals,premium,250,,high,low,8,name.com,,,
bc73a08d-5389-4c89-aeaf-e2d1af0f4ee0,annulet.rentals,available,6.98,56.98,medium,low,7,namecheap,,,19/09/2026 10:59
7b0be183-f99d-42c7-86a3-6072a4b5f7e7,remarks.rentals,available,10.99,44.49,medium,low,7,namesilo,,,18/09/2026 03:12
a321158c-151a-42a3-9106-a5264adb1c0c,exciting.rentals,available,10.99,44.49,high,low,8,namesilo,,,24/09/2026 15:57
70a0df85-2472-4abd-a92e-4b913fe12636,angiology.rentals,available,10.99,44.49,medium,low,9,namesilo,,,19/09/2026 06:13
ed4cec4b-2253-4674-bb83-180265cef9ed,frequently.rentals,available,14.99,,high,low,10,name.com,,,
5df4bdd1-2cc2-4c4c-a034-100e9b7d9ff8,whacked.rentals,available,6.98,56.98,medium,low,7,namecheap,,,13/09/2026 11:08
40e23398-7b01-499e-aaed-d1405bdaf075,jelled.rentals,available,6.98,56.98,medium,low,6,namecheap,,,12/08/2026 21:27
73e8184c-772f-41b0-ba35-5a80be77df4b,bailee.rentals,available,6.98,56.98,high,low,6,namecheap,,,21/09/2026 19:04
0e3de2a7-a6bd-4675-b044-ecf29f5a6b33,armorer.rentals,available,10.99,44.49,medium,low,7,namesilo,,,20/09/2026 07:29
8a30c4d4-f99e-4c76-8268-df3311e18857,generated.rentals,available,10.99,44.49,medium,low,9,namesilo,,,19/09/2026 12:09
6269c9f8-fa1e-4889-b536-35a10a18dc37,pans.rentals,available,10.99,44.49,medium,low,4,namesilo,,,18/09/2026 08:22
feeb8684-643b-4a53-b397-d8bc9bef2a7e,provoked.rentals,available,6.98,56.98,medium,low,8,namecheap,,,09/09/2026 04:38
cf01ab46-3e45-489b-80f6-49fb512d1d56,humiliated.rentals,available,6.98,56.98,medium,low,10,namecheap,,,21/08/2026 15:03
0c53f8ed-f191-4f73-a4a6-d2b283df018f,grin.rentals,available,14.99,,high,low,4,name.com,,,
f28494a6-1207-4311-b506-5419353472ea,awakening.rentals,available,14.99,,high,low,9,name.com,,,
21a97c7f-4120-47be-9ae9-2a7ed44a6bab,parking.rentals,premium,118.8,118.8,high,low,7,namesilo,,,25/09/2026 23:56
00e175ed-e287-44f8-b7b3-b149c97e67b8,nonzero.rentals,available,6.98,56.98,high,low,8,namecheap,,,03/09/2026 18:39
b32bcfb1-2ed0-443c-aa98-ccef3c6cedd1,whiny.rentals,available,6.98,56.98,medium,low,5,namecheap,,,09/09/2026 08:37
2a5a4758-77a6-496d-99b7-3964c64b2e4b,ante.rentals,available,10.99,44.49,high,low,4,namesilo,,,19/09/2026 12:39
14291621-15b2-457f-b917-9fe9d555572b,flagrant.rentals,available,6.98,56.98,medium,low,8,namecheap,,,15/08/2026 19:50
52abd61a-12d5-4b6e-9ca8-d7f9e3171d8c,breathed.rentals,available,6.98,56.98,medium,low,8,namecheap,,,11/08/2026 03:16
971155dd-3b34-4256-9514-d9bb6ca4754c,bland.rentals,available,10.99,44.49,high,low,5,namesilo,,,22/09/2026 21:44
0059e675-d972-487c-aded-a4a727aa0a53,zoophagous.rentals,available,6.98,56.98,low,low,10,namecheap,,,18/08/2026 07:58
1521ed58-656b-4884-aadf-aaaad2ac85e6,clxx.rentals,available,6.98,56.98,medium,low,4,namecheap,,,
5f7786bb-88b0-46ba-868e-dba0848d00db,seals.rentals,available,14.99,,high,low,5,name.com,,,
f9a77efe-4ec3-4172-bea6-d8fae77991fd,dismissal.rentals,available,14.99,,high,low,9,name.com,,,
a6dc4d32-a02f-40bd-8530-6dee950418db,appetence.rentals,available,10.99,44.49,medium,low,9,namesilo,,,19/09/2026 20:44
bff9b053-85ce-46ce-a597-8cbf1f67eaae,propel.rentals,available,6.98,56.98,high,low,6,namecheap,,,09/09/2026 03:16
075dab59-364c-4b2f-a784-a910553d0fc1,asymmetry.rentals,available,6.98,56.98,high,low,9,namecheap,,,20/09/2026 18:39
0f1fd3d8-627e-4d67-8ca9-b7813e9fea7e,knocks.rentals,available,10.99,44.49,medium,low,6,namesilo,,,20/09/2026 13:49
bbe52a46-900e-4ba1-a654-771401a13397,shrewd.rentals,available,10.99,44.49,high,low,6,namesilo,,,22/09/2026 10:37
38cd601a-afd3-49db-9401-d414321211a1,polled.rentals,available,6.98,56.98,high,low,6,namecheap,,,20/09/2026 17:21
af066fa2-33a2-49ed-9425-4ae6c5b1e3a8,ballup.rentals,available,10.99,44.49,medium,low,6,namesilo,,,21/09/2026 23:27
c7e4bdf1-1aee-4209-93bb-cecdf8ce6f07,batis.rentals,available,10.99,44.49,medium,low,5,namesilo,,,22/09/2026 14:03
2a30d3bf-0d1f-4fdc-beec-b4963fdf1112,numbly.rentals,available,6.98,56.98,low,low,6,namecheap,,,15/09/2026 08:39
a57b89d7-308e-468d-bd39-0fc4fd221ab1,begin.rentals,available,10.99,44.49,high,low,5,namesilo,,,23/09/2026 09:05
e13d3359-8f73-41e9-ab24-f89517bbf1f6,bigos.rentals,available,10.99,44.49,medium,low,5,namesilo,,,23/09/2026 15:19
80f21a3d-3123-42f6-95da-f201514602fb,baryta.rentals,available,6.98,56.98,medium,low,6,namecheap,,,22/09/2026 09:42
87a53341-5dfc-4869-ad83-24239d073615,bikini.rentals,available,6.98,56.98,high,low,6,namecheap,,,23/09/2026 15:38
a0647bd8-89ee-4f9a-893b-b62865b6e1ea,agaric.rentals,available,10.99,44.49,medium,low,6,namesilo,,,17/09/2026 16:17
e6ca8afa-8b1c-44e1-90c7-30942840a3c3,locating.rentals,available,6.98,56.98,high,low,8,namecheap,,,09/09/2026 00:10
8cd56785-25ac-41b3-88ed-904435edd7b2,ives.rentals,available,10.99,44.49,high,low,4,namesilo,,,25/09/2026 22:11
c0dae6e7-b802-4287-b9c1-d6d58354b89c,quelled.rentals,available,6.98,56.98,medium,low,7,namecheap,,,09/09/2026 08:24
427dd2c2-3a3a-4ab3-9166-7ea956729459,carmelite.rentals,available,6.98,56.98,high,low,9,namecheap,,,11/08/2026 19:22
fb47cdce-e138-4c64-9b39-a890cd9bf825,wan.rentals,available,6.98,56.98,high,low,3,namecheap,,,04/09/2026 23:53
b028db74-2e25-4316-a101-0f51ff0956e1,creepy.rentals,available,6.98,56.98,high,low,6,namecheap,,,24/09/2026 01:42
7e56ab28-61e8-4af3-9ff9-92d7534007d3,midweek.rentals,available,6.98,56.98,high,low,7,namecheap,,,13/09/2026 09:34
b2e77dda-c777-4a23-8b92-96673952ff68,doctorial.rentals,available,6.98,56.98,medium,low,9,namecheap,,,14/08/2026 14:21
486d283f-1c9a-4857-b0c2-9d3aeb5f2475,earliest.rentals,available,10.99,44.49,high,low,8,namesilo,,,24/09/2026 12:55
497dd754-c1b6-49f6-a59a-12f2b4032951,fabled.rentals,available,6.98,56.98,high,low,6,namecheap,,,17/08/2026 20:12
0cf91249-f434-4a3b-a0f5-6c891257ec7e,raymond.rentals,available,6.98,56.98,high,low,7,namecheap,,,25/09/2026 19:12
55807411-8150-4d73-9147-d1da78ee33d5,existent.rentals,available,6.98,56.98,high,low,8,namecheap,,,
3814f02b-2566-4791-ad44-5a4ef853ab07,heroes.rentals,available,6.98,56.98,high,low,6,namecheap,,,17/09/2026 22:48
48c5bc45-61d6-4826-8014-7e9731833857,billiard.rentals,available,6.98,56.98,high,low,8,namecheap,,,09/08/2026 21:25
48d9520e-f342-4295-9a31-79b0cdf7132c,threefold.rentals,available,6.98,56.98,high,low,9,namecheap,,,14/08/2026 16:42
252bcbec-03a7-42a9-aee2-fd0293e16e3e,revenues.rentals,available,10.99,44.49,medium,low,8,namesilo,,,25/09/2026 09:02
ee077829-c61e-4587-98dc-f6055496aa8e,duck.rentals,premium,78.54,78.54,high,low,4,namesilo,,,
02a8fe8b-c1a4-4241-b3a0-b7fbcb32d1b0,object.rentals,available,10.99,44.49,high,low,6,namesilo,,,19/09/2026 05:21
8d6a9ed4-0ca2-42ef-be91-273b016eff05,collecting.rentals,available,10.99,44.49,high,low,10,namesilo,,,20/09/2026 16:02
af5d7521-da85-4dae-8e42-126646e16da2,maid.rentals,available,10.99,44.49,high,low,4,namesilo,,,25/09/2026 16:10
1ac2fb5f-b248-475a-8c7f-ebfe2492fa22,catechu.rentals,available,6.98,56.98,medium,low,7,namecheap,,,16/09/2026 20:04
f6a51670-0334-4d78-9c85-82f82bb87ae3,tweedy.rentals,available,6.98,56.98,medium,low,6,namecheap,,,21/08/2026 11:21
f1e9f30f-6cd7-4db1-8877-5ba0fbe09953,uncarved.rentals,available,6.98,56.98,medium,low,8,namecheap,,,12/09/2026 04:48
97a21613-c478-496c-9121-413ce3be8807,hypnagogic.rentals,available,6.98,56.98,medium,low,10,namecheap,,,21/08/2026 17:03
be4e0d77-4840-4c39-8b95-9e3fb5cd62aa,usance.rentals,available,6.98,56.98,high,low,6,namecheap,,,13/08/2026 12:25
20ed6809-74cc-4056-a274-2abaf3bf355a,ammeter.rentals,available,10.99,44.49,medium,low,7,namesilo,,,18/09/2026 22:00
c87138ad-bbc3-4a4d-9ff1-1a0bc5f10a59,ruse.rentals,available,10.99,44.49,high,low,4,namesilo,,,20/09/2026 11:33
bb80575d-0186-4da1-8bed-63bab05bd627,inquirer.rentals,available,10.99,44.49,high,low,8,namesilo,,,20/09/2026 14:22
f4c54b6d-8a37-4b11-953e-26346230355b,apathy.rentals,available,10.99,44.49,medium,low,6,namesilo,,,19/09/2026 16:17
3a7d4cd4-9439-46b2-957d-52c578e8cfae,weightless.rentals,available,6.98,56.98,high,low,10,namecheap,,,13/09/2026 10:09
63504a60-0537-4039-a08e-5bcc7b0d42eb,ursine.rentals,available,6.98,56.98,low,low,6,namecheap,,,12/09/2026 23:53
888c2b7f-e6d8-4482-b80d-24ad262e8391,grandchildren.rentals,available,6.98,56.98,medium,low,13,namecheap,,,
b4e57c8a-57ba-4771-86a4-7b7ae0fead64,adductive.rentals,available,6.98,56.98,medium,low,9,namecheap,,,
c0eeda55-2582-4cb3-817a-ba8007ee7913,towels.rentals,available,6.98,56.98,high,low,6,namecheap,,,18/09/2026 12:23
1c3fc781-704b-4c1a-8081-bd212d5f9020,verbosely.rentals,available,6.98,56.98,medium,low,9,namecheap,,,15/09/2026 12:43
7fc36d7d-4dac-4ee1-be34-f63ec6a0471c,computing.rentals,available,10.99,44.49,high,low,9,namesilo,,,19/09/2026 12:12
606a214c-cc3f-4cc6-ab30-189e6a210da9,subalpine.rentals,available,6.98,56.98,medium,low,9,namecheap,,,
f24b3e30-3e78-4346-b2d7-6b8db56c42d5,homicide.rentals,available,6.98,56.98,medium,low,8,namecheap,,,25/09/2026 07:26
d312bfd4-9737-4411-9400-0c75803ba4ed,cerium.rentals,available,6.98,56.98,high,low,6,namecheap,,,14/09/2026 06:07
1213a02f-ff3c-4610-8e4b-28f766f21191,ratios.rentals,available,10.99,44.49,medium,low,6,namesilo,,,20/09/2026 23:23
f06c1b5e-2532-47e9-924e-5c1d9aabf5ad,nooky.rentals,available,6.98,56.98,low,low,5,namecheap,,,18/08/2026 17:29
3ffd2796-7cc5-46b2-9ae2-6dadd38567df,sums.rentals,available,10.99,44.49,medium,low,4,namesilo,,,18/09/2026 07:08
6def2758-4a5c-484d-b7a7-a07836fb6d6c,apsis.rentals,available,6.98,56.98,medium,low,5,namecheap,,,19/09/2026 22:40
4e3325ec-adc8-4a28-aa49-45c3cb1d1917,celibate.rentals,available,6.98,56.98,high,low,8,namecheap,,,11/08/2026 23:25
6f903109-0bad-4c0f-b65f-c9cb1565f223,dizzy.rentals,available,6.98,56.98,high,low,5,namecheap,,,
9347e04f-b3b6-479e-8147-3041b0abf7a8,basset.rentals,available,6.98,56.98,medium,low,6,namecheap,,,22/09/2026 12:10
0779053b-1cfe-44ab-85cd-8595bed44253,prefers.rentals,available,6.98,56.98,medium,low,7,namecheap,,,20/09/2026 07:15
dd0541eb-ef3e-49b7-86bb-ed9e9cf37ce7,charity.rentals,premium,242,242,high,low,7,namesilo,,,24/09/2026 10:51
a5b3a710-3b24-4e21-a438-60f0676ef647,whir.rentals,available,6.98,56.98,medium,low,4,namecheap,,,13/09/2026 11:30
285c1042-6031-493c-86b7-b614dd454d47,orthopedic.rentals,available,6.98,56.98,high,low,10,namecheap,,,04/09/2026 18:03
1f946034-6ed1-4f68-b4bf-710441d470fa,berith.rentals,available,10.99,44.49,medium,low,6,namesilo,,,23/09/2026 09:26
5a08cac1-ac25-4420-9070-ceeb04a549e7,agerasia.rentals,available,10.99,44.49,medium,low,8,namesilo,,,17/09/2026 17:14
408d61b5-71f6-4b3d-93fd-6e69e70df2ad,wanness.rentals,available,10.99,44.49,medium,low,7,namesilo,,,17/09/2026 01:08
2ce563a6-d619-4e00-948f-061de3a4def4,justly.rentals,available,6.98,56.98,high,low,6,namecheap,,,15/09/2026 10:18
375b14fb-f9a4-4f8d-9937-f2fd9cb9b771,forester.rentals,available,6.98,56.98,medium,low,8,namecheap,,,20/09/2026 00:50
eaefe317-abf2-40c0-b7ce-571e14052cef,getting.rentals,available,14.99,,high,low,7,name.com,,,
04b449a6-4803-4067-8f26-6b5150a0f650,legislative.rentals,available,14.99,,high,low,11,name.com,,,
1ab320f4-6aad-4abc-ace2-646b275e721b,albula.rentals,available,10.99,44.49,medium,low,6,namesilo,,,18/09/2026 03:24
ff0113e5-e107-4c13-8ec1-d7aaba2928db,baluchi.rentals,available,10.99,44.49,medium,low,7,namesilo,,,21/09/2026 23:42
ffacaa55-f43a-430d-b469-6c2953bb9051,prox.rentals,available,6.98,56.98,high,low,4,namecheap,,,09/09/2026 04:42
49cc89c0-37c8-4964-917c-dc4e90469572,cyclist.rentals,available,10.99,44.49,high,low,7,namesilo,,,23/09/2026 13:21
041808c3-6cff-4631-9103-153a93b87a06,multiplied.rentals,available,6.98,56.98,high,low,10,namecheap,,,03/09/2026 10:54
09e72133-514a-437e-a3a1-9a31fcd8cce9,roughneck.rentals,available,6.98,56.98,medium,low,9,namecheap,,,11/08/2026 08:43
78d4213a-3a79-4f90-b307-733c8953e67b,antonym.rentals,available,6.98,56.98,medium,low,7,namecheap,,,04/09/2026 16:48
85945bc8-1ce1-4e6a-b8fe-fe6a3289a04f,arabian.rentals,available,6.98,56.98,high,low,7,namecheap,,,06/08/2026 11:05
609479bf-b6ca-4c40-adcd-4f183d702141,omen.rentals,available,14.99,,high,low,4,name.com,,,
df9c9f3a-da5e-470a-ba12-3231540f29b7,triploid.rentals,available,6.98,56.98,medium,low,8,namecheap,,,11/09/2026 20:10
c335f35c-a0a7-4c83-aeca-7071d1058d8c,scheme.rentals,available,14.99,,high,low,6,name.com,,,
a41cdb22-f3a0-402d-b9fc-ebe0b816a51c,jetting.rentals,available,6.98,56.98,high,low,7,namecheap,,,22/08/2026 13:09
101db834-b578-4fd2-beef-2860297679bb,fraught.rentals,available,6.98,56.98,medium,low,7,namecheap,,,18/08/2026 14:23
263b050c-a7ab-4c12-8716-eac39f20615e,win.rentals,premium,118.8,118.8,high,medium,3,namesilo,,,25/09/2026 11:02
024e8701-3340-463d-8eac-e666eb4abe89,hydrated.rentals,available,6.98,56.98,high,low,8,namecheap,,,21/08/2026 16:16
18a0139f-b1e3-4ad2-b8da-713cec1e5347,screwy.rentals,available,6.98,56.98,medium,low,6,namecheap,,,10/09/2026 00:08
457c0c16-f75d-4af7-b3c5-5fbacbd55fa1,unloaded.rentals,available,6.98,56.98,high,low,8,namecheap,,,12/09/2026 15:03
982214e9-6fe2-4e87-929f-90e89c3e1217,knot.rentals,available,14.99,,high,low,4,name.com,,,
d7f6e49e-fa84-43c7-940f-827eadd363ff,propose.rentals,available,14.99,,high,low,7,name.com,,,
b588a8ec-cc1c-471a-8143-b70d5130d776,mickey.rentals,available,10.99,44.49,high,low,6,namesilo,,,25/09/2026 09:22
5e63ed74-c217-401f-bf37-affbe40ca0b2,champ.rentals,available,6.98,56.98,high,low,5,namecheap,,,12/08/2026 01:35
2febefcd-f47a-4f23-b62b-0ad5c12aedb6,temple.rentals,resell,,,high,high,6,"GoDaddy.com, LLC",22/08/2014 14:17,22/08/2027 14:17,26/09/2026 09:33
53cf870c-f9c2-4ea7-95cd-481ec3e61f83,overstatement.rentals,available,14.99,,medium,low,13,name.com,,,
402dbb66-aa3b-455e-ae93-1ee7043f3eb0,jobs.rentals,premium,242,242,high,medium,4,namesilo,,,17/09/2026 22:00
66f47307-0106-43cd-8f72-ba783c475608,stingy.rentals,available,6.98,56.98,medium,low,6,namecheap,,,24/08/2026 18:08
adc44c35-352b-4394-bf44-bd00ba50174c,rectify.rentals,available,10.99,44.49,high,low,7,namesilo,,,23/09/2026 23:41
07cb8504-3b91-4bb4-af08-304d28ce7f91,unfunny.rentals,available,6.98,56.98,medium,low,7,namecheap,,,12/09/2026 11:05
7c27e0f5-fca8-4115-bbce-d8d13fdd60b1,reverse.rentals,available,10.99,44.49,high,low,7,namesilo,,,23/09/2026 22:34
7de6aa70-9af3-4cb8-bc1f-a051689b4f33,hence.rentals,available,14.99,,high,low,5,name.com,,,
117c5aef-5889-456e-b020-0cc92c71feec,fervently.rentals,available,6.98,56.98,medium,low,9,namecheap,,,14/09/2026 18:24
42949778-e63f-41a2-a1cb-ff18ec2f68f0,sectioned.rentals,available,6.98,56.98,medium,low,9,namecheap,,,10/09/2026 01:20
63185a8a-c00b-4b0c-b959-fb5416c672c7,antapex.rentals,available,6.98,56.98,medium,low,7,namecheap,,,19/09/2026 12:32
56408935-d1aa-4c4d-944b-67d05ca3824b,swallow.rentals,available,14.99,,high,low,7,name.com,,,
e384cbe8-7d95-4772-82ed-7eef6cdd5c69,enjoyably.rentals,available,6.98,56.98,medium,low,9,namecheap,,,13/09/2026 18:24
b987416f-623a-4e42-9b93-aa8daed5bb99,borderline.rentals,available,10.99,44.49,high,low,10,namesilo,,,23/09/2026 00:01
8817c7b3-0148-4d00-a6a6-7743d7d6a7f8,airpost.rentals,available,6.98,56.98,medium,low,7,namecheap,,,17/09/2026 23:19
c48e968a-7d44-4c2e-bea6-8d8f02946a3d,asshole.rentals,available,6.98,56.98,medium,low,7,namecheap,,,08/08/2026 23:24
36799037-e652-4e65-9a0e-279b41bb0df5,dour.rentals,available,6.98,56.98,medium,low,4,namecheap,,,14/08/2026 14:56
1711fa7b-aa7d-4631-a800-e0df8ee5ff92,angela.rentals,available,10.99,44.49,high,low,6,namesilo,,,25/09/2026 13:41
03ac0581-2362-4bd9-a4da-df2218bc068f,scorched.rentals,available,6.98,56.98,medium,low,8,namecheap,,,
d64ff612-6230-47c0-8801-94ffe8069b2f,incisive.rentals,available,6.98,56.98,medium,low,8,namecheap,,,22/08/2026 01:21
f6d67160-4660-4c10-8c14-2cce2cca5d97,pretender.rentals,available,6.98,56.98,high,low,9,namecheap,,,08/09/2026 19:12
ecfc68a8-a7e7-49e3-ab16-3bd456d66dda,gambian.rentals,available,6.98,56.98,medium,low,7,namecheap,,,18/08/2026 19:48
cf301343-3c57-4a08-b980-6f02cafc5d03,entangle.rentals,available,6.98,56.98,high,low,8,namecheap,,,24/08/2026 16:54
c2c21518-98b0-44ce-9efe-662a95576608,third.rentals,available,6.98,56.98,high,low,5,namecheap,,,
fb0c7f8d-a06e-4b29-bfb0-314a88db0865,conceited.rentals,available,6.98,56.98,medium,low,9,namecheap,,,12/08/2026 19:54
6793b63b-66ce-4c75-9f0a-403eb8f91357,angelim.rentals,available,6.98,56.98,medium,low,7,namecheap,,,19/09/2026 03:59
28165f99-4210-4cea-83a0-31895953a250,measly.rentals,available,6.98,56.98,medium,low,6,namecheap,,,24/08/2026 18:23
67fd5a58-5e70-4b7c-a24f-8a7aebd1f0c1,octuple.rentals,available,6.98,56.98,medium,low,7,namecheap,,,15/08/2026 21:25
7ca8a618-f471-40e7-a15d-afd71ff99191,massages.rentals,available,6.98,56.98,medium,low,8,namecheap,,,20/09/2026 09:22
5eac5051-d5b3-4ef6-a87d-89feb3bf1cb8,humanistic.rentals,available,6.98,56.98,high,low,10,namecheap,,,21/08/2026 14:53
235e784a-f5d8-40cb-965d-c2efdb68a57a,grandpa.rentals,available,14.99,,high,low,7,name.com,,,
7e7352a5-3e41-44c2-9c1f-f95fc32ce0cc,hoarding.rentals,available,6.98,56.98,high,low,8,namecheap,,,23/09/2026 16:09
a67174f1-52fa-42e9-8d9d-d0ceece24447,bold.rentals,available,6.98,56.98,high,medium,4,namecheap,,,22/09/2026 23:09
80025173-76b5-4832-a68c-84c88df58cd5,profile.rentals,available,14.99,,high,low,7,name.com,,,
da40383b-3abc-4409-b348-d9fdb28a726e,sepaline.rentals,available,6.98,56.98,medium,low,8,namecheap,,,10/09/2026 03:55
10411aff-adb3-4e01-a36e-31e0a92cca04,deaths.rentals,available,6.98,56.98,medium,low,6,namecheap,,,19/09/2026 19:12
71403b3e-625a-4b87-a426-09934cec7406,seeds.rentals,available,14.99,,high,low,5,name.com,,,
579e5f6b-22c5-495f-851d-8633562918fb,scene.rentals,available,6.98,56.98,high,low,5,namecheap,,,24/09/2026 18:53
11b7a5b4-b1f2-433d-a95a-edfa205589dc,alaska.rentals,resell,,,high,low,6,"Go Montenegro Domains, LLC",25/05/2014 16:00,25/05/2027 16:00,26/09/2026 01:28
5156b784-2af3-4ffb-bf60-19888ba65d9b,ablated.rentals,available,6.98,56.98,medium,low,7,namecheap,,,
5793bed6-0dcf-43f5-a20c-9ce2b388e919,sinai.rentals,available,10.99,44.49,high,low,5,namesilo,,,25/09/2026 09:30
7b14b2ca-1b70-4379-a48a-1d6d87bccdcb,mithraic.rentals,available,6.98,56.98,medium,low,8,namecheap,,,25/08/2026 01:58
7a212189-0372-46cd-87e1-cea4358a3c98,chirping.rentals,available,14.99,,high,low,8,name.com,,,
15642be7-72e2-47d1-bde5-e24784228c23,relies.rentals,available,10.99,44.49,medium,low,6,namesilo,,,20/09/2026 06:27
2d6c8683-1460-4f30-ac0b-40e3f5dbd896,yawn.rentals,available,14.99,,high,low,4,name.com,,,
a7e88135-dd42-476e-857d-7343b2cf9161,capone.rentals,available,14.99,,medium,low,6,name.com,,,
f5585dc1-dba7-44e0-8530-2a53f8d0cd33,supplier.rentals,available,14.99,,high,low,8,name.com,,,
ea815047-f324-4bff-b53c-97845ced9537,sextuple.rentals,available,6.98,56.98,medium,low,8,namecheap,,,10/09/2026 05:19
cbb4ffcd-068e-427c-846e-e5ff2b6ce222,mid.rentals,premium,78.54,78.54,high,low,3,namesilo,,,
ed3d03fc-0af4-4ba4-8df9-b2536384489f,delegate.rentals,available,6.98,56.98,high,low,8,namecheap,,,24/09/2026 21:30
85d0e259-f8d9-4f5e-96b5-5b8ee05411e2,balusters.rentals,available,6.98,56.98,high,low,9,namecheap,,,22/09/2026 00:30
33b127d8-d709-4426-982b-e696f423cdb1,unvented.rentals,available,6.98,56.98,low,low,8,namecheap,,,12/09/2026 22:11
2ccd0bef-7568-4d35-9331-32a89b34675f,imprisoned.rentals,available,6.98,56.98,medium,low,10,namecheap,,,11/08/2026 18:22
8611b6ad-d53f-4011-974a-57725a3ab96e,amateur.rentals,available,10.99,44.49,high,low,7,namesilo,,,22/09/2026 03:21
47ec6192-8fb4-488a-afad-639271f81f28,hustle.rentals,available,10.99,44.49,high,low,6,namesilo,,,17/09/2026 09:12
12aadde2-9386-4931-a647-10b11f5654a3,gainly.rentals,available,6.98,56.98,high,low,6,namecheap,,,18/08/2026 19:33
53b5cba1-61d4-4534-99db-66465166d23f,downwards.rentals,available,6.98,56.98,medium,low,9,namecheap,,,14/08/2026 17:16
fca24084-f311-4ae5-bbd9-7d1c3c825518,unchecked.rentals,available,6.98,56.98,medium,low,9,namecheap,,,12/09/2026 04:32
590aa30e-df73-43e2-92cb-16c1ba72dc39,unordered.rentals,available,6.98,56.98,medium,low,9,namecheap,,,12/09/2026 16:18
d4741ef9-60b5-449c-ad49-6f2d53327a46,profoundly.rentals,available,6.98,56.98,high,low,10,namecheap,,,14/09/2026 11:16
285c0860-caa1-4462-beeb-60a2677e3cce,snoek.rentals,available,10.99,44.49,medium,low,5,namesilo,,,22/09/2026 07:53
bdc97440-e093-4f27-8b92-217bc3398283,pluton.rentals,available,10.99,44.49,medium,low,6,namesilo,,,22/09/2026 13:46
2745f6a1-33de-4693-b931-af488c6fb559,hobble.rentals,available,6.98,56.98,high,low,6,namecheap,,,23/08/2026 13:26
beadbcef-d8e8-4ddf-8b47-6ff8386a50fe,admiration.rentals,available,14.99,,high,low,10,name.com,,,
11571a98-c55d-4685-9f0c-8b3ed7654b36,spinoza.rentals,available,10.99,44.49,high,low,7,namesilo,,,22/09/2026 09:34
481b11d1-2e95-4cea-81c5-f3307d64e83e,junoesque.rentals,available,6.98,56.98,medium,low,9,namecheap,,,22/08/2026 14:31
b94a16a9-ab67-470b-a66e-14d789fe96fb,cassette.rentals,available,14.99,,high,low,8,name.com,,,
49fffdd7-9d53-4d71-b391-c310ffe13da0,evidence.rentals,available,6.98,56.98,high,low,8,namecheap,,,24/08/2026 15:05
cd9807fa-15fe-4389-a92e-13ee31c5ce7f,diane.rentals,available,6.98,56.98,high,low,5,namecheap,,,25/09/2026 19:09
18f4dc52-c957-47c0-8dbb-e4b511f2937c,bijou.rentals,available,10.99,44.49,high,low,5,namesilo,,,23/09/2026 15:32
f43d46c1-1b29-4405-b23f-72a1aea65283,terminus.rentals,available,6.98,56.98,high,low,8,namecheap,,,11/09/2026 11:48
c0ef6df3-29f3-4137-a4b6-898828af924a,prentice.rentals,available,10.99,44.49,medium,low,8,namesilo,,,19/09/2026 22:19
a00c956d-7c47-49ba-9f71-67cfa7b3df83,climbable.rentals,available,6.98,56.98,medium,low,9,namecheap,,,07/08/2026 00:10
621004f0-3f31-49a9-9d95-e9ab61b6c842,bespoke.rentals,available,6.98,56.98,high,low,7,namecheap,,,09/08/2026 17:25
abecccf6-70d2-4ed6-915f-c0788ba705d3,clinical.rentals,available,10.99,44.49,high,low,8,namesilo,,,25/09/2026 04:52
69b76ba7-4582-4942-a810-ea24465c136b,sumbody.rentals,available,14.99,,low,low,7,name.com,,,
51e2b9bd-7ca7-4f55-955d-6f28be06e792,honored.rentals,available,6.98,56.98,high,low,7,namecheap,,,17/08/2026 13:25
32186b01-f374-4de8-84ad-cc7a8c2b3b71,toffy.rentals,available,6.98,56.98,medium,low,5,namecheap,,,11/08/2026 04:55
7fece3d9-f125-49ef-9662-826e53e146eb,delicious.rentals,available,6.98,56.98,high,low,9,namecheap,,,24/09/2026 05:16
a015fa09-4c6d-47b2-8836-87f82c8db9ae,lifelong.rentals,available,6.98,56.98,high,low,8,namecheap,,,23/08/2026 01:51
46868171-090e-4fc0-8ca6-79e71a16c37e,tomboy.rentals,available,14.99,,high,low,7,name.com,,,
bd6030c3-9343-4266-9b0b-2b2029762399,brisant.rentals,available,6.98,56.98,medium,low,7,namecheap,,,11/08/2026 04:27
21edacff-eefb-491f-b26e-6ca1fb01a5b9,hoar.rentals,available,6.98,56.98,medium,low,4,namecheap,,,20/08/2026 19:18
223307d9-5c40-4021-97f2-e562d7a232d0,grimy.rentals,available,6.98,56.98,medium,low,5,namecheap,,,09/08/2026 09:25
2d9e408a-a792-4b8c-8553-35b17fba7bd2,condone.rentals,available,14.99,,high,low,7,name.com,,,
f28e173b-961c-4320-ad6b-806bf7ea3e81,exploded.rentals,available,6.98,56.98,medium,low,8,namecheap,,,17/08/2026 18:28
c8d60110-0527-4c44-819f-2a0208917e15,fugly.rentals,available,6.98,56.98,medium,low,5,namecheap,,,18/08/2026 17:49
ea3f1f1e-7d6c-4ab7-9a38-bb9eb80c6216,mistakenly.rentals,available,6.98,56.98,medium,low,10,namecheap,,,14/09/2026 16:00
fab540ce-5a53-4d36-9ab3-2a862aee7932,windward.rentals,available,6.98,56.98,high,low,8,namecheap,,,13/09/2026 12:22
2836e01c-5777-415d-82c3-d9f39e9bab66,softback.rentals,available,6.98,56.98,medium,low,8,namecheap,,,05/09/2026 01:13
c593c372-7220-4a25-955c-6c92a2c44b1f,connected.rentals,available,10.99,44.49,high,medium,9,namesilo,,,19/09/2026 11:24
fb286d35-2b33-4711-a853-414210d30d44,meter.rentals,available,10.99,44.49,high,low,5,namesilo,,,25/09/2026 15:55
ad14bfa8-b6ec-4196-912d-733ad2c4c432,birthing.rentals,available,6.98,56.98,high,low,8,namecheap,,,23/09/2026 21:07
e2fcb8e6-0fa8-43a9-be20-b922a4aa96a4,unhampered.rentals,available,6.98,56.98,medium,low,10,namecheap,,,12/09/2026 11:51
0536da8f-e5a6-4f2b-bccc-86925346bac1,pacify.rentals,available,6.98,56.98,high,low,6,namecheap,,,18/08/2026 22:00
fc0aa256-ed59-479c-a466-f0bf62f0c176,causally.rentals,available,6.98,56.98,medium,low,8,namecheap,,,14/09/2026 06:01
56d180af-b0e1-4431-b029-eee332dd31ee,enthralled.rentals,available,6.98,56.98,medium,low,10,namecheap,,,09/08/2026 10:06
f14dc256-3c21-48bb-8039-d4bb4c39edea,flop.rentals,available,10.99,44.49,high,low,4,namesilo,,,23/09/2026 12:03
2adeafc5-6a73-4551-be9f-ea75ba8626a8,lust.rentals,available,14.99,,high,low,4,name.com,,,
ea5d6529-cae5-4d39-9b22-d341b53cb2cb,limited.rentals,premium,242,242,high,low,7,namesilo,,,23/09/2026 14:41
b5c945c0-b734-488d-a543-ffbb129c6713,walmart.rentals,available,,,high,high,7,,,,
24bc61f4-a814-40d4-b0c5-b6bc57f7b3c4,candidate.rentals,available,14.99,,high,low,9,name.com,,,
f1b640f1-83a7-4ed3-9b3c-494f6d25a1a5,unimagined.rentals,available,6.98,56.98,medium,low,10,namecheap,,,12/09/2026 08:26
3dde3837-96f3-41b4-9044-44e7333a6441,manly.rentals,available,6.98,56.98,high,low,5,namecheap,,,24/08/2026 14:44
54fe81a0-6f43-42a8-89ee-84a454d0ca88,asama.rentals,available,10.99,44.49,medium,low,5,namesilo,,,20/09/2026 12:47
ef77f2e1-2b16-4321-86c8-583fa58e8ed1,marvell.rentals,available,6.98,56.98,high,low,7,namecheap,,,19/09/2026 04:47
16ebdac9-5e2b-4e01-8f20-fd728337dfc6,lemonlike.rentals,available,6.98,56.98,medium,low,9,namecheap,,,22/08/2026 23:27
c91f1d4c-4093-4c35-876c-6d0ffdfad842,gordon.rentals,available,10.99,44.49,high,low,6,namesilo,,,25/09/2026 11:43
3c8560e6-cb5b-453a-8e19-7485d5ed589f,biggin.rentals,available,10.99,44.49,high,low,6,namesilo,,,23/09/2026 15:08
d3fb0be7-7514-4d92-a454-79967d9495b4,cleanser.rentals,available,10.99,44.49,high,low,8,namesilo,,,24/09/2026 15:26
2f22f7e2-fd12-46da-b8d9-bddc864c172b,would.rentals,available,14.99,,high,low,5,name.com,,,
830b1981-53e6-4ff5-b4e9-a427a1200664,puts.rentals,available,10.99,44.49,medium,low,4,namesilo,,,18/09/2026 14:17
93684757-99f8-48fa-be36-5cf1528a31db,electricity.rentals,available,14.99,,high,low,11,name.com,,,
ff7f973c-aae3-440d-be4e-36dca7679f2c,ablaze.rentals,available,6.98,56.98,high,low,6,namecheap,,,
61f532c6-657e-4222-97a5-4b5a397e10c9,anachronic.rentals,available,6.98,56.98,medium,low,10,namecheap,,,
4165b78f-495f-4009-85b4-748ae2c598e4,propulsion.rentals,available,10.99,44.49,high,low,10,namesilo,,,17/09/2026 05:22
eb68322b-d881-46bd-9856-c422ccfa91ab,rumbling.rentals,available,6.98,56.98,high,low,8,namecheap,,,20/08/2026 20:34
24833083-ee2c-4c6b-9e22-847db5333501,television.rentals,available,10.99,44.49,high,low,10,namesilo,,,25/09/2026 22:50
044ebba7-d39d-4d52-80f4-b062d6e9386b,primordium.rentals,available,10.99,44.49,medium,low,10,namesilo,,,19/09/2026 09:53
2af6e1ea-44eb-46e0-a6eb-c83f09910686,heidelberg.rentals,available,10.99,44.49,high,low,10,namesilo,,,25/09/2026 16:09
78e691c5-3ecd-4af3-85f8-e2fa950e1374,doug.rentals,available,10.99,44.49,high,low,4,namesilo,,,25/09/2026 13:24
cbe73188-760d-4270-86de-ff2097b496e2,trapped.rentals,available,6.98,56.98,medium,low,7,namecheap,,,07/08/2026 11:08
c2ac7cf6-4dcf-4362-8d4c-cb79b8e7b58a,defective.rentals,available,6.98,56.98,medium,low,9,namecheap,,,13/08/2026 23:06
ab132493-2f7c-4298-b0cb-e128aa451ec2,sapient.rentals,available,6.98,56.98,high,low,7,namecheap,,,08/09/2026 18:03
fa0c894a-c6bb-4f45-886c-469d0acfbc6e,carved.rentals,available,6.98,56.98,high,low,6,namecheap,,,11/08/2026 19:57
5458af4b-9620-423f-a966-9d92e5750ccf,intuitions.rentals,available,6.98,56.98,medium,low,10,namecheap,,,20/09/2026 19:28
97a465cf-a38a-453c-8214-c1727c90981e,crypt.rentals,available,6.98,56.98,high,low,5,namecheap,,,24/09/2026 19:58
9ca5544d-23bb-4126-9265-e5958e54edc6,necked.rentals,available,6.98,56.98,medium,low,6,namecheap,,,03/09/2026 14:40
89807adc-1a4f-4fdb-a086-997f1d5f9dcd,saurian.rentals,available,6.98,56.98,medium,low,7,namecheap,,,22/08/2026 17:55
5805ff06-a6b8-4bc7-9405-e46cef45a6cf,flexing.rentals,available,14.99,,high,low,7,name.com,,,
74b21b62-ad8f-4e9f-b433-c4197f774a7b,interact.rentals,available,14.99,,high,low,8,name.com,,,
8ef07cbd-4dad-496b-9b04-562f03fdde09,totipotent.rentals,available,6.98,56.98,medium,low,10,namecheap,,,11/09/2026 18:12
cb8d1a22-ba22-4eae-a831-2bbc78395af3,dangers.rentals,available,10.99,44.49,medium,low,7,namesilo,,,18/09/2026 04:42
99b8c89f-ef0b-412d-b7e9-d6f80bced4f1,intune.rentals,available,10.99,44.49,high,low,7,namesilo,,,17/09/2026 12:54
d82493c9-f4a1-48d1-8f64-103ba0dc7a19,transonic.rentals,available,6.98,56.98,medium,low,9,namecheap,,,10/09/2026 14:11
8aea68f9-dbeb-44b7-915a-dd81495a67fd,airlock.rentals,available,10.99,44.49,high,low,7,namesilo,,,17/09/2026 22:33
d3535a08-d408-43c0-b3c8-986f3874ed50,effect.rentals,available,14.99,,high,low,6,name.com,,,
d1ad8d5e-c6d2-422e-bf87-56adcc221a4f,closeness.rentals,available,10.99,44.49,high,low,9,namesilo,,,24/09/2026 15:57
f67ac280-2f4d-4500-a403-12c38406e03b,incubation.rentals,available,6.98,56.98,high,low,10,namecheap,,,11/08/2026 06:10
ff4cf969-4860-4708-93f1-34b0e34c41f8,cloth.rentals,available,14.99,,high,low,5,name.com,,,
19ff8d22-5231-412e-8452-daa9d4e3265a,backstretch.rentals,available,14.99,,high,low,12,name.com,,,
4ab26636-a5cc-422e-9f3f-efe3a1352cf6,browser.rentals,available,14.99,,high,low,7,name.com,,,
061349c4-62fd-4068-8d4b-926d477d71b0,abhorrence.rentals,available,10.99,44.49,medium,low,10,namesilo,,,16/09/2026 15:25
362d6c4a-af4b-46cc-bb31-7b8c5a7b0326,agnathan.rentals,available,6.98,56.98,medium,low,8,namecheap,,,17/09/2026 18:33
90aa22d1-a05a-4583-a140-ffb22582eba7,mauve.rentals,available,6.98,56.98,high,low,5,namecheap,,,24/08/2026 17:37
1968134f-f715-4907-a5c3-c09cac4ba96f,vegetarian.rentals,available,14.99,,high,low,10,name.com,,,
9a8a2b7a-3828-4e52-a42e-3c5963dde5b4,trading.rentals,premium,242,242,high,low,7,namesilo,,,
509f6f37-b430-46c1-8261-7da8a430ecf6,impaired.rentals,available,6.98,56.98,medium,low,8,namecheap,,,21/08/2026 21:40
df1c568f-b1f2-42a4-bacf-b68862185588,adder.rentals,available,10.99,44.49,medium,low,5,namesilo,,,17/09/2026 06:46
f897615a-93dc-4038-9fb6-f6cfceef8d40,arrowroot.rentals,available,10.99,44.49,medium,low,9,namesilo,,,17/09/2026 00:43
8e3a0e86-938f-4e80-8d64-cca77c6a3375,beveridge.rentals,available,10.99,44.49,medium,low,9,namesilo,,,23/09/2026 12:04
db971a2c-42d2-4f7a-8c17-7fc3f2e56ff5,assessable.rentals,available,6.98,56.98,medium,low,10,namecheap,,,07/08/2026 06:04
c3bc1a56-0849-45eb-980d-15a702a9d49f,culture.rentals,available,10.99,44.49,high,medium,7,namesilo,,,27/09/2026 02:07
f6fc13cd-a95d-4e72-8439-8ef91065879c,unevenly.rentals,available,6.98,56.98,medium,low,8,namecheap,,,15/09/2026 22:30
99f5b1e6-c1d6-42e4-b5b9-078b8fcb5d19,designer.rentals,resell,,,high,low,8,"Go Montenegro Domains, LLC",28/05/2014 16:00,28/05/2027 16:00,26/09/2026 05:30
050f865c-11f9-4d72-86d7-19c03951b25d,drown.rentals,available,14.99,,medium,low,5,name.com,,,
11ef41aa-9f2c-4a6f-8ad1-d0523b5a144d,rideshare.rentals,available,14.99,,high,low,9,name.com,,,
aa809354-8c9c-407a-99a5-eecd67d5771c,metallic.rentals,available,6.98,56.98,high,low,8,namecheap,,,24/08/2026 21:34
cafb1302-ffd8-41f8-b9aa-7e231b95f5a9,apposition.rentals,available,10.99,44.49,medium,low,10,namesilo,,,19/09/2026 22:03
07a4e316-a7af-4302-ab67-bb8e5db7c280,northwards.rentals,available,6.98,56.98,medium,low,10,namecheap,,,03/09/2026 21:25
6b8e0d74-a535-4359-8ad8-4b99bc907488,diametric.rentals,available,6.98,56.98,medium,low,9,namecheap,,,14/08/2026 05:56
d10d5a7d-c3c8-4735-b573-af24f684ca8e,hopeless.rentals,available,6.98,56.98,medium,low,8,namecheap,,,21/08/2026 13:54
d9bb40f9-ebbf-4947-8ca1-b6d7dca5dfaa,entirety.rentals,available,14.99,,high,low,8,name.com,,,
a141d72f-c010-4c61-915e-6f73270d3f99,volar.rentals,available,6.98,56.98,medium,low,5,namecheap,,,05/09/2026 00:00
b45ffcc5-c34a-4c88-bc24-f86b2d862759,counseling.rentals,available,10.99,44.49,high,low,10,namesilo,,,24/09/2026 02:30
fa98737a-15b9-436f-80fe-d1e959964083,pliant.rentals,available,6.98,56.98,medium,low,6,namecheap,,,09/08/2026 14:11
64fa4714-8bb2-4cb8-8e18-7382b61f3677,writhing.rentals,available,6.98,56.98,medium,low,8,namecheap,,,13/09/2026 13:45
efff3dab-33e8-475a-b33c-36a52899c7af,holder.rentals,available,14.99,,high,low,6,name.com,,,
c6494d6e-0b17-4514-bb0e-bebee0bfde87,backseat.rentals,available,10.99,44.49,high,low,8,namesilo,,,21/09/2026 15:49
913deaa5-edf0-46a0-be37-6671375c358f,preference.rentals,available,14.99,,high,low,10,name.com,,,
6d3497ba-762c-4a92-a983-66b17d690a0a,inches.rentals,available,10.99,44.49,medium,low,6,namesilo,,,25/09/2026 20:47
d6bae3df-3f7c-4aa7-b057-279a51b79045,apodeme.rentals,available,6.98,56.98,medium,low,7,namecheap,,,19/09/2026 18:17
5cbec989-0900-460e-bc2c-133dd9b3b6a0,annon.rentals,available,6.98,56.98,medium,low,5,namecheap,,,19/09/2026 10:29
ca68402c-5ed2-47bb-bd74-f4daa14d5357,chanukah.rentals,available,14.99,,high,low,8,name.com,,,
49151f7e-b91e-4938-9fdc-6822c1e5034f,aerospace.rentals,available,10.99,44.49,high,low,9,namesilo,,,17/09/2026 13:17
108eb3d9-5fd1-493c-b2e4-11dd153723b8,spat.rentals,available,10.99,44.49,high,low,4,namesilo,,,23/09/2026 13:13
729ed03b-9019-4f6f-bd63-97a8a5e83df9,ahuehuete.rentals,available,10.99,44.49,medium,low,9,namesilo,,,17/09/2026 20:34
22eec572-6883-4515-b355-ecabd077b5d6,blocked.rentals,available,10.99,44.49,high,low,7,namesilo,,,22/09/2026 22:08
faa0219d-eb33-41a4-98b2-3ba36ad3b902,serpentine.rentals,available,6.98,56.98,medium,low,10,namecheap,,,10/09/2026 04:45
edc98441-75c8-4c73-a69f-fba27a89acc3,easily.rentals,available,10.99,44.49,high,low,6,namesilo,,,24/09/2026 13:14
fbb56228-d092-4d09-97c2-5b356ed70593,fugal.rentals,available,6.98,56.98,medium,low,5,namecheap,,,18/08/2026 17:38
1ecf5686-abed-444b-8484-6e1ab4c1c9b2,geological.rentals,available,6.98,56.98,high,low,10,namecheap,,,18/08/2026 22:28
d2ff5bef-c65b-4fcf-84db-da3c69dbeabe,biographic.rentals,available,6.98,56.98,high,low,10,namecheap,,,10/08/2026 01:58
0805aaee-da5c-4b0b-bab8-d0ba0e5e88a3,arendt.rentals,available,6.98,56.98,medium,low,6,namecheap,,,20/09/2026 03:43
2ca12664-ecd6-4a2e-8136-56d612b7e2c9,inscribe.rentals,available,10.99,44.49,high,low,8,namesilo,,,21/09/2026 06:39
e00775c0-9dc1-41b3-a647-122735cef2a1,icc.rentals,available,6.98,56.98,high,low,3,namecheap,,,25/09/2026 07:43
ef7bb4ce-7011-4e55-b11a-30254d5ed996,hypaethral.rentals,available,6.98,56.98,medium,low,10,namecheap,,,21/08/2026 16:39
164efb5e-6b9b-42a4-90e7-555931176cf0,auctioneer.rentals,available,6.98,56.98,high,low,10,namecheap,,,21/09/2026 02:42
aac33b42-be2f-4b59-9a92-854e247d689a,autogeny.rentals,available,6.98,56.98,medium,low,8,namecheap,,,16/09/2026 15:57
59b76827-eb48-4251-8e24-82d59585ab4b,hotly.rentals,available,6.98,56.98,medium,low,5,namecheap,,,14/09/2026 23:58
868d7e83-6b53-4432-8b70-cd78b9d7139c,bistre.rentals,available,10.99,44.49,medium,low,6,namesilo,,,23/09/2026 22:12
f6910dfa-a58e-44ca-9eb5-a608ccee0867,entree.rentals,available,10.99,44.49,high,low,6,namesilo,,,16/09/2026 22:08
32dc2f3e-ba2a-4a2c-aa10-c832c176174c,leftover.rentals,available,6.98,56.98,high,low,8,namecheap,,,22/08/2026 22:41
e2fa15fc-4b9c-4f72-a05c-fba8aed42626,titulary.rentals,available,6.98,56.98,high,low,8,namecheap,,,11/09/2026 16:34
83e08825-f6a4-4a89-ac42-2a09119cb0ab,chancy.rentals,available,6.98,56.98,medium,low,6,namecheap,,,12/08/2026 01:41
c87a35a5-20dd-4673-8094-9cb483cbc0d2,heinrich.rentals,available,6.98,56.98,high,low,8,namecheap,,,25/09/2026 21:51
6afc7a37-c0ed-4ebb-84e0-0fdec7ffcd80,armeria.rentals,available,10.99,44.49,medium,low,7,namesilo,,,20/09/2026 06:43
1dcedd26-fccd-4654-a543-9e5b20a12be8,mouthguard.rentals,available,14.99,,medium,low,11,name.com,,,
fd4a1efb-c41b-4763-ad40-cf43f627af67,backbone.rentals,available,6.98,56.98,high,low,9,namecheap,,,21/09/2026 15:14
2f0dfd17-d5e8-4ed6-9ead-fa35a2f1e1ae,ashkenazi.rentals,available,10.99,44.49,high,low,9,namesilo,,,20/09/2026 13:54
dbdae0e9-3ee5-4643-8c7a-ac0cb3c73c1b,unsure.rentals,available,6.98,56.98,medium,low,6,namecheap,,,22/08/2026 01:08
d8f28754-32e8-4699-9d6b-3caaf257547b,figurative.rentals,available,10.99,44.49,high,low,10,namesilo,,,19/09/2026 14:22
2ab0a456-41bd-4c9b-8c9d-f29c185267a9,tylenol.rentals,available,,,high,medium,7,,,,
2b446551-3c24-4dcd-b499-86991ff8a60a,concave.rentals,available,6.98,56.98,high,low,7,namecheap,,,12/08/2026 19:50
0a99ef64-68e3-4fa9-a126-312d025607d5,cigarettes.rentals,available,6.98,56.98,medium,low,10,namecheap,,,25/09/2026 21:29
448aa729-a823-4b5e-b70a-36045046c8db,dated.rentals,available,11.99,58.99,medium,low,5,name.com,,,13/08/2026 18:40
3ec6641b-1e16-4c7f-ac0a-04cc78cb5bfe,windmill.rentals,available,10.99,44.49,high,low,9,namesilo,,,17/09/2026 13:01
c346dd62-6d60-4c26-ab85-5fd82e36fd9e,bearded.rentals,available,6.98,56.98,high,low,7,namecheap,,,08/08/2026 16:05
7fb3aee2-76e8-4ac8-a082-6df719c59e5a,weird.rentals,available,10.99,44.49,high,low,5,namesilo,,,24/09/2026 13:41
3426f360-b56c-4e93-a229-8cc6c66cc66c,dickensian.rentals,available,6.98,56.98,medium,low,10,namecheap,,,14/08/2026 06:25
f47ed702-9034-45af-901a-91a42c878565,walt.rentals,available,10.99,44.49,high,low,4,namesilo,,,25/09/2026 12:09
86b09701-eafb-4a1c-87ab-8488a7e31319,extendable.rentals,available,6.98,56.98,medium,low,10,namecheap,,,17/08/2026 18:59
5a3efbf6-3c01-4936-82c8-2a6755cfb064,opponent.rentals,available,6.98,56.98,high,low,8,namecheap,,,04/09/2026 16:36